CID01_SID01_VID01,DeliverObject,1
CID01_SID01_VID02,DeliverObject,1
CID01_SID01_VID03,DeliverObject,1
CID01_SID01_VID04,DeliverObject,1
CID01_SID01_VID05,DeliverObject,1
CID01_SID01_VID06,DeliverObject,1
CID01_SID01_VID07,DeliverObject,1
CID01_SID02_VID01,DeliverObject,1
CID01_SID02_VID02,DeliverObject,1
CID01_SID02_VID03,DeliverObject,1
CID01_SID02_VID04,DeliverObject,1
CID01_SID02_VID05,DeliverObject,1
CID01_SID02_VID06,DeliverObject,1
CID01_SID02_VID07,DeliverObject,1
CID01_SID03_VID01,DeliverObject,1
CID01_SID03_VID02,DeliverObject,1
CID01_SID03_VID03,DeliverObject,1
CID01_SID03_VID04,DeliverObject,1
CID01_SID03_VID05,DeliverObject,1
CID01_SID03_VID06,DeliverObject,1
CID01_SID03_VID07,DeliverObject,1
CID01_SID04_VID01,DeliverObject,1
CID01_SID04_VID02,DeliverObject,1
CID01_SID04_VID03,DeliverObject,1
CID01_SID04_VID04,DeliverObject,1
CID01_SID04_VID05,DeliverObject,1
CID01_SID04_VID06,DeliverObject,1
CID01_SID04_VID07,DeliverObject,1
CID01_SID05_VID01,DeliverObject,1
CID01_SID05_VID02,DeliverObject,1
CID01_SID05_VID03,DeliverObject,1
CID01_SID05_VID04,DeliverObject,1
CID01_SID05_VID05,DeliverObject,1
CID01_SID05_VID06,DeliverObject,1
CID01_SID05_VID07,DeliverObject,1
CID01_SID06_VID01,DeliverObject,1
CID01_SID06_VID02,DeliverObject,1
CID01_SID06_VID03,DeliverObject,1
CID01_SID06_VID04,DeliverObject,1
CID01_SID06_VID05,DeliverObject,1
CID01_SID06_VID06,DeliverObject,1
CID01_SID06_VID07,DeliverObject,1
CID01_SID07_VID01,DeliverObject,1
CID01_SID07_VID02,DeliverObject,1
CID01_SID07_VID03,DeliverObject,1
CID01_SID07_VID04,DeliverObject,1
CID01_SID07_VID05,DeliverObject,1
CID01_SID07_VID06,DeliverObject,1
CID01_SID07_VID07,DeliverObject,1
CID01_SID08_VID01,DeliverObject,1
CID01_SID08_VID02,DeliverObject,1
CID01_SID08_VID03,DeliverObject,1
CID01_SID08_VID04,DeliverObject,1
CID01_SID08_VID05,DeliverObject,1
CID01_SID08_VID06,DeliverObject,1
CID01_SID08_VID07,DeliverObject,1
CID01_SID09_VID01,DeliverObject,1
CID01_SID09_VID02,DeliverObject,1
CID01_SID09_VID03,DeliverObject,1
CID01_SID09_VID04,DeliverObject,1
CID01_SID09_VID05,DeliverObject,1
CID01_SID09_VID06,DeliverObject,1
CID01_SID09_VID07,DeliverObject,1
CID01_SID10_VID01,DeliverObject,1
CID01_SID10_VID02,DeliverObject,1
CID01_SID10_VID03,DeliverObject,1
CID01_SID10_VID04,DeliverObject,1
CID01_SID10_VID05,DeliverObject,1
CID01_SID10_VID06,DeliverObject,1
CID01_SID10_VID07,DeliverObject,1
CID02_SID01_VID01,MoveBackwardsWhileDrilling,2
CID02_SID01_VID02,MoveBackwardsWhileDrilling,2
CID02_SID01_VID03,MoveBackwardsWhileDrilling,2
CID02_SID01_VID04,MoveBackwardsWhileDrilling,2
CID02_SID01_VID05,MoveBackwardsWhileDrilling,2
CID02_SID01_VID06,MoveBackwardsWhileDrilling,2
CID02_SID01_VID07,MoveBackwardsWhileDrilling,2
CID02_SID02_VID01,MoveBackwardsWhileDrilling,2
CID02_SID02_VID02,MoveBackwardsWhileDrilling,2
CID02_SID02_VID03,MoveBackwardsWhileDrilling,2
CID02_SID02_VID04,MoveBackwardsWhileDrilling,2
CID02_SID02_VID05,MoveBackwardsWhileDrilling,2
CID02_SID02_VID06,MoveBackwardsWhileDrilling,2
CID02_SID02_VID07,MoveBackwardsWhileDrilling,2
CID02_SID03_VID01,MoveBackwardsWhileDrilling,2
CID02_SID03_VID02,MoveBackwardsWhileDrilling,2
CID02_SID03_VID03,MoveBackwardsWhileDrilling,2
CID02_SID03_VID04,MoveBackwardsWhileDrilling,2
CID02_SID03_VID05,MoveBackwardsWhileDrilling,2
CID02_SID03_VID06,MoveBackwardsWhileDrilling,2
CID02_SID03_VID07,MoveBackwardsWhileDrilling,2
CID02_SID04_VID01,MoveBackwardsWhileDrilling,2
CID02_SID04_VID02,MoveBackwardsWhileDrilling,2
CID02_SID04_VID03,MoveBackwardsWhileDrilling,2
CID02_SID04_VID04,MoveBackwardsWhileDrilling,2
CID02_SID04_VID05,MoveBackwardsWhileDrilling,2
CID02_SID04_VID06,MoveBackwardsWhileDrilling,2
CID02_SID04_VID07,MoveBackwardsWhileDrilling,2
CID02_SID05_VID01,MoveBackwardsWhileDrilling,2
CID02_SID05_VID02,MoveBackwardsWhileDrilling,2
CID02_SID05_VID03,MoveBackwardsWhileDrilling,2
CID02_SID05_VID04,MoveBackwardsWhileDrilling,2
CID02_SID05_VID05,MoveBackwardsWhileDrilling,2
CID02_SID05_VID06,MoveBackwardsWhileDrilling,2
CID02_SID05_VID07,MoveBackwardsWhileDrilling,2
CID02_SID06_VID01,MoveBackwardsWhileDrilling,2
CID02_SID06_VID02,MoveBackwardsWhileDrilling,2
CID02_SID06_VID03,MoveBackwardsWhileDrilling,2
CID02_SID06_VID04,MoveBackwardsWhileDrilling,2
CID02_SID06_VID05,MoveBackwardsWhileDrilling,2
CID02_SID06_VID06,MoveBackwardsWhileDrilling,2
CID02_SID06_VID07,MoveBackwardsWhileDrilling,2
CID02_SID07_VID01,MoveBackwardsWhileDrilling,2
CID02_SID07_VID02,MoveBackwardsWhileDrilling,2
CID02_SID07_VID03,MoveBackwardsWhileDrilling,2
CID02_SID07_VID04,MoveBackwardsWhileDrilling,2
CID02_SID07_VID05,MoveBackwardsWhileDrilling,2
CID02_SID07_VID06,MoveBackwardsWhileDrilling,2
CID02_SID07_VID07,MoveBackwardsWhileDrilling,2
CID02_SID08_VID01,MoveBackwardsWhileDrilling,2
CID02_SID08_VID02,MoveBackwardsWhileDrilling,2
CID02_SID08_VID03,MoveBackwardsWhileDrilling,2
CID02_SID08_VID04,MoveBackwardsWhileDrilling,2
CID02_SID08_VID05,MoveBackwardsWhileDrilling,2
CID02_SID08_VID06,MoveBackwardsWhileDrilling,2
CID02_SID08_VID07,MoveBackwardsWhileDrilling,2
CID02_SID09_VID01,MoveBackwardsWhileDrilling,2
CID02_SID09_VID02,MoveBackwardsWhileDrilling,2
CID02_SID09_VID03,MoveBackwardsWhileDrilling,2
CID02_SID09_VID04,MoveBackwardsWhileDrilling,2
CID02_SID09_VID05,MoveBackwardsWhileDrilling,2
CID02_SID09_VID06,MoveBackwardsWhileDrilling,2
CID02_SID09_VID07,MoveBackwardsWhileDrilling,2
CID02_SID10_VID01,MoveBackwardsWhileDrilling,2
CID02_SID10_VID02,MoveBackwardsWhileDrilling,2
CID02_SID10_VID03,MoveBackwardsWhileDrilling,2
CID02_SID10_VID04,MoveBackwardsWhileDrilling,2
CID02_SID10_VID05,MoveBackwardsWhileDrilling,2
CID02_SID10_VID06,MoveBackwardsWhileDrilling,2
CID02_SID10_VID07,MoveBackwardsWhileDrilling,2
CID03_SID01_VID01,MoveBackwardsWhilePolishing,3
CID03_SID01_VID02,MoveBackwardsWhilePolishing,3
CID03_SID01_VID03,MoveBackwardsWhilePolishing,3
CID03_SID01_VID04,MoveBackwardsWhilePolishing,3
CID03_SID01_VID05,MoveBackwardsWhilePolishing,3
CID03_SID01_VID06,MoveBackwardsWhilePolishing,3
CID03_SID01_VID07,MoveBackwardsWhilePolishing,3
CID03_SID02_VID01,MoveBackwardsWhilePolishing,3
CID03_SID02_VID02,MoveBackwardsWhilePolishing,3
CID03_SID02_VID03,MoveBackwardsWhilePolishing,3
CID03_SID02_VID04,MoveBackwardsWhilePolishing,3
CID03_SID02_VID05,MoveBackwardsWhilePolishing,3
CID03_SID02_VID06,MoveBackwardsWhilePolishing,3
CID03_SID02_VID07,MoveBackwardsWhilePolishing,3
CID03_SID03_VID01,MoveBackwardsWhilePolishing,3
CID03_SID03_VID02,MoveBackwardsWhilePolishing,3
CID03_SID03_VID03,MoveBackwardsWhilePolishing,3
CID03_SID03_VID04,MoveBackwardsWhilePolishing,3
CID03_SID03_VID05,MoveBackwardsWhilePolishing,3
CID03_SID03_VID06,MoveBackwardsWhilePolishing,3
CID03_SID03_VID07,MoveBackwardsWhilePolishing,3
CID03_SID04_VID01,MoveBackwardsWhilePolishing,3
CID03_SID04_VID02,MoveBackwardsWhilePolishing,3
CID03_SID04_VID03,MoveBackwardsWhilePolishing,3
CID03_SID04_VID04,MoveBackwardsWhilePolishing,3
CID03_SID04_VID05,MoveBackwardsWhilePolishing,3
CID03_SID04_VID06,MoveBackwardsWhilePolishing,3
CID03_SID04_VID07,MoveBackwardsWhilePolishing,3
CID03_SID05_VID01,MoveBackwardsWhilePolishing,3
CID03_SID05_VID02,MoveBackwardsWhilePolishing,3
CID03_SID05_VID03,MoveBackwardsWhilePolishing,3
CID03_SID05_VID04,MoveBackwardsWhilePolishing,3
CID03_SID05_VID05,MoveBackwardsWhilePolishing,3
CID03_SID05_VID06,MoveBackwardsWhilePolishing,3
CID03_SID05_VID07,MoveBackwardsWhilePolishing,3
CID03_SID06_VID01,MoveBackwardsWhilePolishing,3
CID03_SID06_VID02,MoveBackwardsWhilePolishing,3
CID03_SID06_VID03,MoveBackwardsWhilePolishing,3
CID03_SID06_VID04,MoveBackwardsWhilePolishing,3
CID03_SID06_VID05,MoveBackwardsWhilePolishing,3
CID03_SID06_VID06,MoveBackwardsWhilePolishing,3
CID03_SID06_VID07,MoveBackwardsWhilePolishing,3
CID03_SID07_VID01,MoveBackwardsWhilePolishing,3
CID03_SID07_VID02,MoveBackwardsWhilePolishing,3
CID03_SID07_VID03,MoveBackwardsWhilePolishing,3
CID03_SID07_VID04,MoveBackwardsWhilePolishing,3
CID03_SID07_VID05,MoveBackwardsWhilePolishing,3
CID03_SID07_VID06,MoveBackwardsWhilePolishing,3
CID03_SID07_VID07,MoveBackwardsWhilePolishing,3
CID03_SID08_VID01,MoveBackwardsWhilePolishing,3
CID03_SID08_VID02,MoveBackwardsWhilePolishing,3
CID03_SID08_VID03,MoveBackwardsWhilePolishing,3
CID03_SID08_VID04,MoveBackwardsWhilePolishing,3
CID03_SID08_VID05,MoveBackwardsWhilePolishing,3
CID03_SID08_VID06,MoveBackwardsWhilePolishing,3
CID03_SID08_VID07,MoveBackwardsWhilePolishing,3
CID03_SID09_VID01,MoveBackwardsWhilePolishing,3
CID03_SID09_VID02,MoveBackwardsWhilePolishing,3
CID03_SID09_VID03,MoveBackwardsWhilePolishing,3
CID03_SID09_VID04,MoveBackwardsWhilePolishing,3
CID03_SID09_VID05,MoveBackwardsWhilePolishing,3
CID03_SID09_VID06,MoveBackwardsWhilePolishing,3
CID03_SID09_VID07,MoveBackwardsWhilePolishing,3
CID03_SID10_VID01,MoveBackwardsWhilePolishing,3
CID03_SID10_VID02,MoveBackwardsWhilePolishing,3
CID03_SID10_VID03,MoveBackwardsWhilePolishing,3
CID03_SID10_VID04,MoveBackwardsWhilePolishing,3
CID03_SID10_VID05,MoveBackwardsWhilePolishing,3
CID03_SID10_VID06,MoveBackwardsWhilePolishing,3
CID03_SID10_VID07,MoveBackwardsWhilePolishing,3
CID04_SID01_VID01,MoveDiagonallyBackwardLeftWithDrill,4
CID04_SID01_VID02,MoveDiagonallyBackwardLeftWithDrill,4
CID04_SID01_VID03,MoveDiagonallyBackwardLeftWithDrill,4
CID04_SID01_VID04,MoveDiagonallyBackwardLeftWithDrill,4
CID04_SID01_VID05,MoveDiagonallyBackwardLeftWithDrill,4
CID04_SID01_VID06,MoveDiagonallyBackwardLeftWithDrill,4
CID04_SID01_VID07,MoveDiagonallyBackwardLeftWithDrill,4
CID04_SID02_VID01,MoveDiagonallyBackwardLeftWithDrill,4
CID04_SID02_VID02,MoveDiagonallyBackwardLeftWithDrill,4
CID04_SID02_VID03,MoveDiagonallyBackwardLeftWithDrill,4
CID04_SID02_VID04,MoveDiagonallyBackwardLeftWithDrill,4
CID04_SID02_VID05,MoveDiagonallyBackwardLeftWithDrill,4
CID04_SID02_VID06,MoveDiagonallyBackwardLeftWithDrill,4
CID04_SID02_VID07,MoveDiagonallyBackwardLeftWithDrill,4
CID04_SID03_VID01,MoveDiagonallyBackwardLeftWithDrill,4
CID04_SID03_VID02,MoveDiagonallyBackwardLeftWithDrill,4
CID04_SID03_VID03,MoveDiagonallyBackwardLeftWithDrill,4
CID04_SID03_VID04,MoveDiagonallyBackwardLeftWithDrill,4
CID04_SID03_VID05,MoveDiagonallyBackwardLeftWithDrill,4
CID04_SID03_VID06,MoveDiagonallyBackwardLeftWithDrill,4
CID04_SID03_VID07,MoveDiagonallyBackwardLeftWithDrill,4
CID04_SID04_VID01,MoveDiagonallyBackwardLeftWithDrill,4
CID04_SID04_VID02,MoveDiagonallyBackwardLeftWithDrill,4
CID04_SID04_VID03,MoveDiagonallyBackwardLeftWithDrill,4
CID04_SID04_VID04,MoveDiagonallyBackwardLeftWithDrill,4
CID04_SID04_VID05,MoveDiagonallyBackwardLeftWithDrill,4
CID04_SID04_VID06,MoveDiagonallyBackwardLeftWithDrill,4
CID04_SID04_VID07,MoveDiagonallyBackwardLeftWithDrill,4
CID04_SID05_VID01,MoveDiagonallyBackwardLeftWithDrill,4
CID04_SID05_VID02,MoveDiagonallyBackwardLeftWithDrill,4
CID04_SID05_VID03,MoveDiagonallyBackwardLeftWithDrill,4
CID04_SID05_VID04,MoveDiagonallyBackwardLeftWithDrill,4
CID04_SID05_VID05,MoveDiagonallyBackwardLeftWithDrill,4
CID04_SID05_VID06,MoveDiagonallyBackwardLeftWithDrill,4
CID04_SID05_VID07,MoveDiagonallyBackwardLeftWithDrill,4
CID04_SID06_VID01,MoveDiagonallyBackwardLeftWithDrill,4
CID04_SID06_VID02,MoveDiagonallyBackwardLeftWithDrill,4
CID04_SID06_VID03,MoveDiagonallyBackwardLeftWithDrill,4
CID04_SID06_VID04,MoveDiagonallyBackwardLeftWithDrill,4
CID04_SID06_VID05,MoveDiagonallyBackwardLeftWithDrill,4
CID04_SID06_VID06,MoveDiagonallyBackwardLeftWithDrill,4
CID04_SID06_VID07,MoveDiagonallyBackwardLeftWithDrill,4
CID04_SID07_VID01,MoveDiagonallyBackwardLeftWithDrill,4
CID04_SID07_VID02,MoveDiagonallyBackwardLeftWithDrill,4
CID04_SID07_VID03,MoveDiagonallyBackwardLeftWithDrill,4
CID04_SID07_VID04,MoveDiagonallyBackwardLeftWithDrill,4
CID04_SID07_VID05,MoveDiagonallyBackwardLeftWithDrill,4
CID04_SID07_VID06,MoveDiagonallyBackwardLeftWithDrill,4
CID04_SID07_VID07,MoveDiagonallyBackwardLeftWithDrill,4
CID04_SID08_VID01,MoveDiagonallyBackwardLeftWithDrill,4
CID04_SID08_VID02,MoveDiagonallyBackwardLeftWithDrill,4
CID04_SID08_VID03,MoveDiagonallyBackwardLeftWithDrill,4
CID04_SID08_VID04,MoveDiagonallyBackwardLeftWithDrill,4
CID04_SID08_VID05,MoveDiagonallyBackwardLeftWithDrill,4
CID04_SID08_VID06,MoveDiagonallyBackwardLeftWithDrill,4
CID04_SID08_VID07,MoveDiagonallyBackwardLeftWithDrill,4
CID04_SID09_VID01,MoveDiagonallyBackwardLeftWithDrill,4
CID04_SID09_VID02,MoveDiagonallyBackwardLeftWithDrill,4
CID04_SID09_VID03,MoveDiagonallyBackwardLeftWithDrill,4
CID04_SID09_VID04,MoveDiagonallyBackwardLeftWithDrill,4
CID04_SID09_VID05,MoveDiagonallyBackwardLeftWithDrill,4
CID04_SID09_VID06,MoveDiagonallyBackwardLeftWithDrill,4
CID04_SID09_VID07,MoveDiagonallyBackwardLeftWithDrill,4
CID04_SID10_VID01,MoveDiagonallyBackwardLeftWithDrill,4
CID04_SID10_VID02,MoveDiagonallyBackwardLeftWithDrill,4
CID04_SID10_VID03,MoveDiagonallyBackwardLeftWithDrill,4
CID04_SID10_VID04,MoveDiagonallyBackwardLeftWithDrill,4
CID04_SID10_VID05,MoveDiagonallyBackwardLeftWithDrill,4
CID04_SID10_VID06,MoveDiagonallyBackwardLeftWithDrill,4
CID04_SID10_VID07,MoveDiagonallyBackwardLeftWithDrill,4
CID05_SID01_VID01,MoveDiagonallyBackwardLeftWithPolisher,5
CID05_SID01_VID02,MoveDiagonallyBackwardLeftWithPolisher,5
CID05_SID01_VID03,MoveDiagonallyBackwardLeftWithPolisher,5
CID05_SID01_VID04,MoveDiagonallyBackwardLeftWithPolisher,5
CID05_SID01_VID05,MoveDiagonallyBackwardLeftWithPolisher,5
CID05_SID01_VID06,MoveDiagonallyBackwardLeftWithPolisher,5
CID05_SID01_VID07,MoveDiagonallyBackwardLeftWithPolisher,5
CID05_SID02_VID01,MoveDiagonallyBackwardLeftWithPolisher,5
CID05_SID02_VID02,MoveDiagonallyBackwardLeftWithPolisher,5
CID05_SID02_VID03,MoveDiagonallyBackwardLeftWithPolisher,5
CID05_SID02_VID04,MoveDiagonallyBackwardLeftWithPolisher,5
CID05_SID02_VID05,MoveDiagonallyBackwardLeftWithPolisher,5
CID05_SID02_VID06,MoveDiagonallyBackwardLeftWithPolisher,5
CID05_SID02_VID07,MoveDiagonallyBackwardLeftWithPolisher,5
CID05_SID03_VID01,MoveDiagonallyBackwardLeftWithPolisher,5
CID05_SID03_VID02,MoveDiagonallyBackwardLeftWithPolisher,5
CID05_SID03_VID03,MoveDiagonallyBackwardLeftWithPolisher,5
CID05_SID03_VID04,MoveDiagonallyBackwardLeftWithPolisher,5
CID05_SID03_VID05,MoveDiagonallyBackwardLeftWithPolisher,5
CID05_SID03_VID06,MoveDiagonallyBackwardLeftWithPolisher,5
CID05_SID03_VID07,MoveDiagonallyBackwardLeftWithPolisher,5
CID05_SID04_VID01,MoveDiagonallyBackwardLeftWithPolisher,5
CID05_SID04_VID02,MoveDiagonallyBackwardLeftWithPolisher,5
CID05_SID04_VID03,MoveDiagonallyBackwardLeftWithPolisher,5
CID05_SID04_VID04,MoveDiagonallyBackwardLeftWithPolisher,5
CID05_SID04_VID05,MoveDiagonallyBackwardLeftWithPolisher,5
CID05_SID04_VID06,MoveDiagonallyBackwardLeftWithPolisher,5
CID05_SID04_VID07,MoveDiagonallyBackwardLeftWithPolisher,5
CID05_SID05_VID01,MoveDiagonallyBackwardLeftWithPolisher,5
CID05_SID05_VID02,MoveDiagonallyBackwardLeftWithPolisher,5
CID05_SID05_VID03,MoveDiagonallyBackwardLeftWithPolisher,5
CID05_SID05_VID04,MoveDiagonallyBackwardLeftWithPolisher,5
CID05_SID05_VID05,MoveDiagonallyBackwardLeftWithPolisher,5
CID05_SID05_VID06,MoveDiagonallyBackwardLeftWithPolisher,5
CID05_SID05_VID07,MoveDiagonallyBackwardLeftWithPolisher,5
CID05_SID06_VID01,MoveDiagonallyBackwardLeftWithPolisher,5
CID05_SID06_VID02,MoveDiagonallyBackwardLeftWithPolisher,5
CID05_SID06_VID03,MoveDiagonallyBackwardLeftWithPolisher,5
CID05_SID06_VID04,MoveDiagonallyBackwardLeftWithPolisher,5
CID05_SID06_VID05,MoveDiagonallyBackwardLeftWithPolisher,5
CID05_SID06_VID06,MoveDiagonallyBackwardLeftWithPolisher,5
CID05_SID06_VID07,MoveDiagonallyBackwardLeftWithPolisher,5
CID05_SID07_VID01,MoveDiagonallyBackwardLeftWithPolisher,5
CID05_SID07_VID02,MoveDiagonallyBackwardLeftWithPolisher,5
CID05_SID07_VID03,MoveDiagonallyBackwardLeftWithPolisher,5
CID05_SID07_VID04,MoveDiagonallyBackwardLeftWithPolisher,5
CID05_SID07_VID05,MoveDiagonallyBackwardLeftWithPolisher,5
CID05_SID07_VID06,MoveDiagonallyBackwardLeftWithPolisher,5
CID05_SID07_VID07,MoveDiagonallyBackwardLeftWithPolisher,5
CID05_SID08_VID01,MoveDiagonallyBackwardLeftWithPolisher,5
CID05_SID08_VID02,MoveDiagonallyBackwardLeftWithPolisher,5
CID05_SID08_VID03,MoveDiagonallyBackwardLeftWithPolisher,5
CID05_SID08_VID04,MoveDiagonallyBackwardLeftWithPolisher,5
CID05_SID08_VID05,MoveDiagonallyBackwardLeftWithPolisher,5
CID05_SID08_VID06,MoveDiagonallyBackwardLeftWithPolisher,5
CID05_SID08_VID07,MoveDiagonallyBackwardLeftWithPolisher,5
CID05_SID09_VID01,MoveDiagonallyBackwardLeftWithPolisher,5
CID05_SID09_VID02,MoveDiagonallyBackwardLeftWithPolisher,5
CID05_SID09_VID03,MoveDiagonallyBackwardLeftWithPolisher,5
CID05_SID09_VID04,MoveDiagonallyBackwardLeftWithPolisher,5
CID05_SID09_VID05,MoveDiagonallyBackwardLeftWithPolisher,5
CID05_SID09_VID06,MoveDiagonallyBackwardLeftWithPolisher,5
CID05_SID09_VID07,MoveDiagonallyBackwardLeftWithPolisher,5
CID05_SID10_VID01,MoveDiagonallyBackwardLeftWithPolisher,5
CID05_SID10_VID02,MoveDiagonallyBackwardLeftWithPolisher,5
CID05_SID10_VID03,MoveDiagonallyBackwardLeftWithPolisher,5
CID05_SID10_VID04,MoveDiagonallyBackwardLeftWithPolisher,5
CID05_SID10_VID05,MoveDiagonallyBackwardLeftWithPolisher,5
CID05_SID10_VID06,MoveDiagonallyBackwardLeftWithPolisher,5
CID05_SID10_VID07,MoveDiagonallyBackwardLeftWithPolisher,5
CID06_SID01_VID01,MoveDiagonallyBackwardRightWithDrill,6
CID06_SID01_VID02,MoveDiagonallyBackwardRightWithDrill,6
CID06_SID01_VID03,MoveDiagonallyBackwardRightWithDrill,6
CID06_SID01_VID04,MoveDiagonallyBackwardRightWithDrill,6
CID06_SID01_VID05,MoveDiagonallyBackwardRightWithDrill,6
CID06_SID01_VID06,MoveDiagonallyBackwardRightWithDrill,6
CID06_SID01_VID07,MoveDiagonallyBackwardRightWithDrill,6
CID06_SID02_VID01,MoveDiagonallyBackwardRightWithDrill,6
CID06_SID02_VID02,MoveDiagonallyBackwardRightWithDrill,6
CID06_SID02_VID03,MoveDiagonallyBackwardRightWithDrill,6
CID06_SID02_VID04,MoveDiagonallyBackwardRightWithDrill,6
CID06_SID02_VID05,MoveDiagonallyBackwardRightWithDrill,6
CID06_SID02_VID06,MoveDiagonallyBackwardRightWithDrill,6
CID06_SID02_VID07,MoveDiagonallyBackwardRightWithDrill,6
CID06_SID03_VID01,MoveDiagonallyBackwardRightWithDrill,6
CID06_SID03_VID02,MoveDiagonallyBackwardRightWithDrill,6
CID06_SID03_VID03,MoveDiagonallyBackwardRightWithDrill,6
CID06_SID03_VID04,MoveDiagonallyBackwardRightWithDrill,6
CID06_SID03_VID05,MoveDiagonallyBackwardRightWithDrill,6
CID06_SID03_VID06,MoveDiagonallyBackwardRightWithDrill,6
CID06_SID03_VID07,MoveDiagonallyBackwardRightWithDrill,6
CID06_SID04_VID01,MoveDiagonallyBackwardRightWithDrill,6
CID06_SID04_VID02,MoveDiagonallyBackwardRightWithDrill,6
CID06_SID04_VID03,MoveDiagonallyBackwardRightWithDrill,6
CID06_SID04_VID04,MoveDiagonallyBackwardRightWithDrill,6
CID06_SID04_VID05,MoveDiagonallyBackwardRightWithDrill,6
CID06_SID04_VID06,MoveDiagonallyBackwardRightWithDrill,6
CID06_SID04_VID07,MoveDiagonallyBackwardRightWithDrill,6
CID06_SID05_VID01,MoveDiagonallyBackwardRightWithDrill,6
CID06_SID05_VID02,MoveDiagonallyBackwardRightWithDrill,6
CID06_SID05_VID03,MoveDiagonallyBackwardRightWithDrill,6
CID06_SID05_VID04,MoveDiagonallyBackwardRightWithDrill,6
CID06_SID05_VID05,MoveDiagonallyBackwardRightWithDrill,6
CID06_SID05_VID06,MoveDiagonallyBackwardRightWithDrill,6
CID06_SID05_VID07,MoveDiagonallyBackwardRightWithDrill,6
CID06_SID06_VID01,MoveDiagonallyBackwardRightWithDrill,6
CID06_SID06_VID02,MoveDiagonallyBackwardRightWithDrill,6
CID06_SID06_VID03,MoveDiagonallyBackwardRightWithDrill,6
CID06_SID06_VID04,MoveDiagonallyBackwardRightWithDrill,6
CID06_SID06_VID05,MoveDiagonallyBackwardRightWithDrill,6
CID06_SID06_VID06,MoveDiagonallyBackwardRightWithDrill,6
CID06_SID06_VID07,MoveDiagonallyBackwardRightWithDrill,6
CID06_SID07_VID01,MoveDiagonallyBackwardRightWithDrill,6
CID06_SID07_VID02,MoveDiagonallyBackwardRightWithDrill,6
CID06_SID07_VID03,MoveDiagonallyBackwardRightWithDrill,6
CID06_SID07_VID04,MoveDiagonallyBackwardRightWithDrill,6
CID06_SID07_VID05,MoveDiagonallyBackwardRightWithDrill,6
CID06_SID07_VID06,MoveDiagonallyBackwardRightWithDrill,6
CID06_SID07_VID07,MoveDiagonallyBackwardRightWithDrill,6
CID06_SID08_VID01,MoveDiagonallyBackwardRightWithDrill,6
CID06_SID08_VID02,MoveDiagonallyBackwardRightWithDrill,6
CID06_SID08_VID03,MoveDiagonallyBackwardRightWithDrill,6
CID06_SID08_VID04,MoveDiagonallyBackwardRightWithDrill,6
CID06_SID08_VID05,MoveDiagonallyBackwardRightWithDrill,6
CID06_SID08_VID06,MoveDiagonallyBackwardRightWithDrill,6
CID06_SID08_VID07,MoveDiagonallyBackwardRightWithDrill,6
CID06_SID09_VID01,MoveDiagonallyBackwardRightWithDrill,6
CID06_SID09_VID02,MoveDiagonallyBackwardRightWithDrill,6
CID06_SID09_VID03,MoveDiagonallyBackwardRightWithDrill,6
CID06_SID09_VID04,MoveDiagonallyBackwardRightWithDrill,6
CID06_SID09_VID05,MoveDiagonallyBackwardRightWithDrill,6
CID06_SID09_VID06,MoveDiagonallyBackwardRightWithDrill,6
CID06_SID09_VID07,MoveDiagonallyBackwardRightWithDrill,6
CID06_SID10_VID01,MoveDiagonallyBackwardRightWithDrill,6
CID06_SID10_VID02,MoveDiagonallyBackwardRightWithDrill,6
CID06_SID10_VID03,MoveDiagonallyBackwardRightWithDrill,6
CID06_SID10_VID04,MoveDiagonallyBackwardRightWithDrill,6
CID06_SID10_VID05,MoveDiagonallyBackwardRightWithDrill,6
CID06_SID10_VID06,MoveDiagonallyBackwardRightWithDrill,6
CID06_SID10_VID07,MoveDiagonallyBackwardRightWithDrill,6
CID07_SID01_VID01,MoveDiagonallyBackwardRightWithPolisher,7
CID07_SID01_VID02,MoveDiagonallyBackwardRightWithPolisher,7
CID07_SID01_VID03,MoveDiagonallyBackwardRightWithPolisher,7
CID07_SID01_VID04,MoveDiagonallyBackwardRightWithPolisher,7
CID07_SID01_VID05,MoveDiagonallyBackwardRightWithPolisher,7
CID07_SID01_VID06,MoveDiagonallyBackwardRightWithPolisher,7
CID07_SID01_VID07,MoveDiagonallyBackwardRightWithPolisher,7
CID07_SID02_VID01,MoveDiagonallyBackwardRightWithPolisher,7
CID07_SID02_VID02,MoveDiagonallyBackwardRightWithPolisher,7
CID07_SID02_VID03,MoveDiagonallyBackwardRightWithPolisher,7
CID07_SID02_VID04,MoveDiagonallyBackwardRightWithPolisher,7
CID07_SID02_VID05,MoveDiagonallyBackwardRightWithPolisher,7
CID07_SID02_VID06,MoveDiagonallyBackwardRightWithPolisher,7
CID07_SID02_VID07,MoveDiagonallyBackwardRightWithPolisher,7
CID07_SID03_VID01,MoveDiagonallyBackwardRightWithPolisher,7
CID07_SID03_VID02,MoveDiagonallyBackwardRightWithPolisher,7
CID07_SID03_VID03,MoveDiagonallyBackwardRightWithPolisher,7
CID07_SID03_VID04,MoveDiagonallyBackwardRightWithPolisher,7
CID07_SID03_VID05,MoveDiagonallyBackwardRightWithPolisher,7
CID07_SID03_VID06,MoveDiagonallyBackwardRightWithPolisher,7
CID07_SID03_VID07,MoveDiagonallyBackwardRightWithPolisher,7
CID07_SID04_VID01,MoveDiagonallyBackwardRightWithPolisher,7
CID07_SID04_VID02,MoveDiagonallyBackwardRightWithPolisher,7
CID07_SID04_VID03,MoveDiagonallyBackwardRightWithPolisher,7
CID07_SID04_VID04,MoveDiagonallyBackwardRightWithPolisher,7
CID07_SID04_VID05,MoveDiagonallyBackwardRightWithPolisher,7
CID07_SID04_VID06,MoveDiagonallyBackwardRightWithPolisher,7
CID07_SID04_VID07,MoveDiagonallyBackwardRightWithPolisher,7
CID07_SID05_VID01,MoveDiagonallyBackwardRightWithPolisher,7
CID07_SID05_VID02,MoveDiagonallyBackwardRightWithPolisher,7
CID07_SID05_VID03,MoveDiagonallyBackwardRightWithPolisher,7
CID07_SID05_VID04,MoveDiagonallyBackwardRightWithPolisher,7
CID07_SID05_VID05,MoveDiagonallyBackwardRightWithPolisher,7
CID07_SID05_VID06,MoveDiagonallyBackwardRightWithPolisher,7
CID07_SID05_VID07,MoveDiagonallyBackwardRightWithPolisher,7
CID07_SID06_VID01,MoveDiagonallyBackwardRightWithPolisher,7
CID07_SID06_VID02,MoveDiagonallyBackwardRightWithPolisher,7
CID07_SID06_VID03,MoveDiagonallyBackwardRightWithPolisher,7
CID07_SID06_VID04,MoveDiagonallyBackwardRightWithPolisher,7
CID07_SID06_VID05,MoveDiagonallyBackwardRightWithPolisher,7
CID07_SID06_VID06,MoveDiagonallyBackwardRightWithPolisher,7
CID07_SID06_VID07,MoveDiagonallyBackwardRightWithPolisher,7
CID07_SID07_VID01,MoveDiagonallyBackwardRightWithPolisher,7
CID07_SID07_VID02,MoveDiagonallyBackwardRightWithPolisher,7
CID07_SID07_VID03,MoveDiagonallyBackwardRightWithPolisher,7
CID07_SID07_VID04,MoveDiagonallyBackwardRightWithPolisher,7
CID07_SID07_VID05,MoveDiagonallyBackwardRightWithPolisher,7
CID07_SID07_VID06,MoveDiagonallyBackwardRightWithPolisher,7
CID07_SID07_VID07,MoveDiagonallyBackwardRightWithPolisher,7
CID07_SID08_VID01,MoveDiagonallyBackwardRightWithPolisher,7
CID07_SID08_VID02,MoveDiagonallyBackwardRightWithPolisher,7
CID07_SID08_VID03,MoveDiagonallyBackwardRightWithPolisher,7
CID07_SID08_VID04,MoveDiagonallyBackwardRightWithPolisher,7
CID07_SID08_VID05,MoveDiagonallyBackwardRightWithPolisher,7
CID07_SID08_VID06,MoveDiagonallyBackwardRightWithPolisher,7
CID07_SID08_VID07,MoveDiagonallyBackwardRightWithPolisher,7
CID07_SID09_VID01,MoveDiagonallyBackwardRightWithPolisher,7
CID07_SID09_VID02,MoveDiagonallyBackwardRightWithPolisher,7
CID07_SID09_VID03,MoveDiagonallyBackwardRightWithPolisher,7
CID07_SID09_VID04,MoveDiagonallyBackwardRightWithPolisher,7
CID07_SID09_VID05,MoveDiagonallyBackwardRightWithPolisher,7
CID07_SID09_VID06,MoveDiagonallyBackwardRightWithPolisher,7
CID07_SID09_VID07,MoveDiagonallyBackwardRightWithPolisher,7
CID07_SID10_VID01,MoveDiagonallyBackwardRightWithPolisher,7
CID07_SID10_VID02,MoveDiagonallyBackwardRightWithPolisher,7
CID07_SID10_VID03,MoveDiagonallyBackwardRightWithPolisher,7
CID07_SID10_VID04,MoveDiagonallyBackwardRightWithPolisher,7
CID07_SID10_VID05,MoveDiagonallyBackwardRightWithPolisher,7
CID07_SID10_VID06,MoveDiagonallyBackwardRightWithPolisher,7
CID07_SID10_VID07,MoveDiagonallyBackwardRightWithPolisher,7
CID08_SID01_VID01,MoveDiagonallyForwardLeftWithDrill,8
CID08_SID01_VID02,MoveDiagonallyForwardLeftWithDrill,8
CID08_SID01_VID03,MoveDiagonallyForwardLeftWithDrill,8
CID08_SID01_VID04,MoveDiagonallyForwardLeftWithDrill,8
CID08_SID01_VID05,MoveDiagonallyForwardLeftWithDrill,8
CID08_SID01_VID06,MoveDiagonallyForwardLeftWithDrill,8
CID08_SID01_VID07,MoveDiagonallyForwardLeftWithDrill,8
CID08_SID02_VID01,MoveDiagonallyForwardLeftWithDrill,8
CID08_SID02_VID02,MoveDiagonallyForwardLeftWithDrill,8
CID08_SID02_VID03,MoveDiagonallyForwardLeftWithDrill,8
CID08_SID02_VID04,MoveDiagonallyForwardLeftWithDrill,8
CID08_SID02_VID05,MoveDiagonallyForwardLeftWithDrill,8
CID08_SID02_VID06,MoveDiagonallyForwardLeftWithDrill,8
CID08_SID02_VID07,MoveDiagonallyForwardLeftWithDrill,8
CID08_SID03_VID01,MoveDiagonallyForwardLeftWithDrill,8
CID08_SID03_VID02,MoveDiagonallyForwardLeftWithDrill,8
CID08_SID03_VID03,MoveDiagonallyForwardLeftWithDrill,8
CID08_SID03_VID04,MoveDiagonallyForwardLeftWithDrill,8
CID08_SID03_VID05,MoveDiagonallyForwardLeftWithDrill,8
CID08_SID03_VID06,MoveDiagonallyForwardLeftWithDrill,8
CID08_SID03_VID07,MoveDiagonallyForwardLeftWithDrill,8
CID08_SID04_VID01,MoveDiagonallyForwardLeftWithDrill,8
CID08_SID04_VID02,MoveDiagonallyForwardLeftWithDrill,8
CID08_SID04_VID03,MoveDiagonallyForwardLeftWithDrill,8
CID08_SID04_VID04,MoveDiagonallyForwardLeftWithDrill,8
CID08_SID04_VID05,MoveDiagonallyForwardLeftWithDrill,8
CID08_SID04_VID06,MoveDiagonallyForwardLeftWithDrill,8
CID08_SID04_VID07,MoveDiagonallyForwardLeftWithDrill,8
CID08_SID05_VID01,MoveDiagonallyForwardLeftWithDrill,8
CID08_SID05_VID02,MoveDiagonallyForwardLeftWithDrill,8
CID08_SID05_VID03,MoveDiagonallyForwardLeftWithDrill,8
CID08_SID05_VID04,MoveDiagonallyForwardLeftWithDrill,8
CID08_SID05_VID05,MoveDiagonallyForwardLeftWithDrill,8
CID08_SID05_VID06,MoveDiagonallyForwardLeftWithDrill,8
CID08_SID05_VID07,MoveDiagonallyForwardLeftWithDrill,8
CID08_SID06_VID01,MoveDiagonallyForwardLeftWithDrill,8
CID08_SID06_VID02,MoveDiagonallyForwardLeftWithDrill,8
CID08_SID06_VID03,MoveDiagonallyForwardLeftWithDrill,8
CID08_SID06_VID04,MoveDiagonallyForwardLeftWithDrill,8
CID08_SID06_VID05,MoveDiagonallyForwardLeftWithDrill,8
CID08_SID06_VID06,MoveDiagonallyForwardLeftWithDrill,8
CID08_SID06_VID07,MoveDiagonallyForwardLeftWithDrill,8
CID08_SID07_VID01,MoveDiagonallyForwardLeftWithDrill,8
CID08_SID07_VID02,MoveDiagonallyForwardLeftWithDrill,8
CID08_SID07_VID03,MoveDiagonallyForwardLeftWithDrill,8
CID08_SID07_VID04,MoveDiagonallyForwardLeftWithDrill,8
CID08_SID07_VID05,MoveDiagonallyForwardLeftWithDrill,8
CID08_SID07_VID06,MoveDiagonallyForwardLeftWithDrill,8
CID08_SID07_VID07,MoveDiagonallyForwardLeftWithDrill,8
CID08_SID08_VID01,MoveDiagonallyForwardLeftWithDrill,8
CID08_SID08_VID02,MoveDiagonallyForwardLeftWithDrill,8
CID08_SID08_VID03,MoveDiagonallyForwardLeftWithDrill,8
CID08_SID08_VID04,MoveDiagonallyForwardLeftWithDrill,8
CID08_SID08_VID05,MoveDiagonallyForwardLeftWithDrill,8
CID08_SID08_VID06,MoveDiagonallyForwardLeftWithDrill,8
CID08_SID08_VID07,MoveDiagonallyForwardLeftWithDrill,8
CID08_SID09_VID01,MoveDiagonallyForwardLeftWithDrill,8
CID08_SID09_VID02,MoveDiagonallyForwardLeftWithDrill,8
CID08_SID09_VID03,MoveDiagonallyForwardLeftWithDrill,8
CID08_SID09_VID04,MoveDiagonallyForwardLeftWithDrill,8
CID08_SID09_VID05,MoveDiagonallyForwardLeftWithDrill,8
CID08_SID09_VID06,MoveDiagonallyForwardLeftWithDrill,8
CID08_SID09_VID07,MoveDiagonallyForwardLeftWithDrill,8
CID08_SID10_VID01,MoveDiagonallyForwardLeftWithDrill,8
CID08_SID10_VID02,MoveDiagonallyForwardLeftWithDrill,8
CID08_SID10_VID03,MoveDiagonallyForwardLeftWithDrill,8
CID08_SID10_VID04,MoveDiagonallyForwardLeftWithDrill,8
CID08_SID10_VID05,MoveDiagonallyForwardLeftWithDrill,8
CID08_SID10_VID06,MoveDiagonallyForwardLeftWithDrill,8
CID08_SID10_VID07,MoveDiagonallyForwardLeftWithDrill,8
CID09_SID01_VID01,MoveDiagonallyForwardLeftWithPolisher,9
CID09_SID01_VID02,MoveDiagonallyForwardLeftWithPolisher,9
CID09_SID01_VID03,MoveDiagonallyForwardLeftWithPolisher,9
CID09_SID01_VID04,MoveDiagonallyForwardLeftWithPolisher,9
CID09_SID01_VID05,MoveDiagonallyForwardLeftWithPolisher,9
CID09_SID01_VID06,MoveDiagonallyForwardLeftWithPolisher,9
CID09_SID01_VID07,MoveDiagonallyForwardLeftWithPolisher,9
CID09_SID02_VID01,MoveDiagonallyForwardLeftWithPolisher,9
CID09_SID02_VID02,MoveDiagonallyForwardLeftWithPolisher,9
CID09_SID02_VID03,MoveDiagonallyForwardLeftWithPolisher,9
CID09_SID02_VID04,MoveDiagonallyForwardLeftWithPolisher,9
CID09_SID02_VID05,MoveDiagonallyForwardLeftWithPolisher,9
CID09_SID02_VID06,MoveDiagonallyForwardLeftWithPolisher,9
CID09_SID02_VID07,MoveDiagonallyForwardLeftWithPolisher,9
CID09_SID03_VID01,MoveDiagonallyForwardLeftWithPolisher,9
CID09_SID03_VID02,MoveDiagonallyForwardLeftWithPolisher,9
CID09_SID03_VID03,MoveDiagonallyForwardLeftWithPolisher,9
CID09_SID03_VID04,MoveDiagonallyForwardLeftWithPolisher,9
CID09_SID03_VID05,MoveDiagonallyForwardLeftWithPolisher,9
CID09_SID03_VID06,MoveDiagonallyForwardLeftWithPolisher,9
CID09_SID03_VID07,MoveDiagonallyForwardLeftWithPolisher,9
CID09_SID04_VID01,MoveDiagonallyForwardLeftWithPolisher,9
CID09_SID04_VID02,MoveDiagonallyForwardLeftWithPolisher,9
CID09_SID04_VID03,MoveDiagonallyForwardLeftWithPolisher,9
CID09_SID04_VID04,MoveDiagonallyForwardLeftWithPolisher,9
CID09_SID04_VID05,MoveDiagonallyForwardLeftWithPolisher,9
CID09_SID04_VID06,MoveDiagonallyForwardLeftWithPolisher,9
CID09_SID04_VID07,MoveDiagonallyForwardLeftWithPolisher,9
CID09_SID05_VID01,MoveDiagonallyForwardLeftWithPolisher,9
CID09_SID05_VID02,MoveDiagonallyForwardLeftWithPolisher,9
CID09_SID05_VID03,MoveDiagonallyForwardLeftWithPolisher,9
CID09_SID05_VID04,MoveDiagonallyForwardLeftWithPolisher,9
CID09_SID05_VID05,MoveDiagonallyForwardLeftWithPolisher,9
CID09_SID05_VID06,MoveDiagonallyForwardLeftWithPolisher,9
CID09_SID05_VID07,MoveDiagonallyForwardLeftWithPolisher,9
CID09_SID06_VID01,MoveDiagonallyForwardLeftWithPolisher,9
CID09_SID06_VID02,MoveDiagonallyForwardLeftWithPolisher,9
CID09_SID06_VID03,MoveDiagonallyForwardLeftWithPolisher,9
CID09_SID06_VID04,MoveDiagonallyForwardLeftWithPolisher,9
CID09_SID06_VID05,MoveDiagonallyForwardLeftWithPolisher,9
CID09_SID06_VID06,MoveDiagonallyForwardLeftWithPolisher,9
CID09_SID06_VID07,MoveDiagonallyForwardLeftWithPolisher,9
CID09_SID07_VID01,MoveDiagonallyForwardLeftWithPolisher,9
CID09_SID07_VID02,MoveDiagonallyForwardLeftWithPolisher,9
CID09_SID07_VID03,MoveDiagonallyForwardLeftWithPolisher,9
CID09_SID07_VID04,MoveDiagonallyForwardLeftWithPolisher,9
CID09_SID07_VID05,MoveDiagonallyForwardLeftWithPolisher,9
CID09_SID07_VID06,MoveDiagonallyForwardLeftWithPolisher,9
CID09_SID07_VID07,MoveDiagonallyForwardLeftWithPolisher,9
CID09_SID08_VID01,MoveDiagonallyForwardLeftWithPolisher,9
CID09_SID08_VID02,MoveDiagonallyForwardLeftWithPolisher,9
CID09_SID08_VID03,MoveDiagonallyForwardLeftWithPolisher,9
CID09_SID08_VID04,MoveDiagonallyForwardLeftWithPolisher,9
CID09_SID08_VID05,MoveDiagonallyForwardLeftWithPolisher,9
CID09_SID08_VID06,MoveDiagonallyForwardLeftWithPolisher,9
CID09_SID08_VID07,MoveDiagonallyForwardLeftWithPolisher,9
CID09_SID09_VID01,MoveDiagonallyForwardLeftWithPolisher,9
CID09_SID09_VID02,MoveDiagonallyForwardLeftWithPolisher,9
CID09_SID09_VID03,MoveDiagonallyForwardLeftWithPolisher,9
CID09_SID09_VID04,MoveDiagonallyForwardLeftWithPolisher,9
CID09_SID09_VID05,MoveDiagonallyForwardLeftWithPolisher,9
CID09_SID09_VID06,MoveDiagonallyForwardLeftWithPolisher,9
CID09_SID09_VID07,MoveDiagonallyForwardLeftWithPolisher,9
CID09_SID10_VID01,MoveDiagonallyForwardLeftWithPolisher,9
CID09_SID10_VID02,MoveDiagonallyForwardLeftWithPolisher,9
CID09_SID10_VID03,MoveDiagonallyForwardLeftWithPolisher,9
CID09_SID10_VID04,MoveDiagonallyForwardLeftWithPolisher,9
CID09_SID10_VID05,MoveDiagonallyForwardLeftWithPolisher,9
CID09_SID10_VID06,MoveDiagonallyForwardLeftWithPolisher,9
CID09_SID10_VID07,MoveDiagonallyForwardLeftWithPolisher,9
CID10_SID01_VID01,MoveDiagonallyForwardRightWithDrill,10
CID10_SID01_VID02,MoveDiagonallyForwardRightWithDrill,10
CID10_SID01_VID03,MoveDiagonallyForwardRightWithDrill,10
CID10_SID01_VID04,MoveDiagonallyForwardRightWithDrill,10
CID10_SID01_VID05,MoveDiagonallyForwardRightWithDrill,10
CID10_SID01_VID06,MoveDiagonallyForwardRightWithDrill,10
CID10_SID01_VID07,MoveDiagonallyForwardRightWithDrill,10
CID10_SID02_VID01,MoveDiagonallyForwardRightWithDrill,10
CID10_SID02_VID02,MoveDiagonallyForwardRightWithDrill,10
CID10_SID02_VID03,MoveDiagonallyForwardRightWithDrill,10
CID10_SID02_VID04,MoveDiagonallyForwardRightWithDrill,10
CID10_SID02_VID05,MoveDiagonallyForwardRightWithDrill,10
CID10_SID02_VID06,MoveDiagonallyForwardRightWithDrill,10
CID10_SID02_VID07,MoveDiagonallyForwardRightWithDrill,10
CID10_SID03_VID01,MoveDiagonallyForwardRightWithDrill,10
CID10_SID03_VID02,MoveDiagonallyForwardRightWithDrill,10
CID10_SID03_VID03,MoveDiagonallyForwardRightWithDrill,10
CID10_SID03_VID04,MoveDiagonallyForwardRightWithDrill,10
CID10_SID03_VID05,MoveDiagonallyForwardRightWithDrill,10
CID10_SID03_VID06,MoveDiagonallyForwardRightWithDrill,10
CID10_SID03_VID07,MoveDiagonallyForwardRightWithDrill,10
CID10_SID04_VID01,MoveDiagonallyForwardRightWithDrill,10
CID10_SID04_VID02,MoveDiagonallyForwardRightWithDrill,10
CID10_SID04_VID03,MoveDiagonallyForwardRightWithDrill,10
CID10_SID04_VID04,MoveDiagonallyForwardRightWithDrill,10
CID10_SID04_VID05,MoveDiagonallyForwardRightWithDrill,10
CID10_SID04_VID06,MoveDiagonallyForwardRightWithDrill,10
CID10_SID04_VID07,MoveDiagonallyForwardRightWithDrill,10
CID10_SID05_VID01,MoveDiagonallyForwardRightWithDrill,10
CID10_SID05_VID02,MoveDiagonallyForwardRightWithDrill,10
CID10_SID05_VID03,MoveDiagonallyForwardRightWithDrill,10
CID10_SID05_VID04,MoveDiagonallyForwardRightWithDrill,10
CID10_SID05_VID05,MoveDiagonallyForwardRightWithDrill,10
CID10_SID05_VID06,MoveDiagonallyForwardRightWithDrill,10
CID10_SID05_VID07,MoveDiagonallyForwardRightWithDrill,10
CID10_SID06_VID01,MoveDiagonallyForwardRightWithDrill,10
CID10_SID06_VID02,MoveDiagonallyForwardRightWithDrill,10
CID10_SID06_VID03,MoveDiagonallyForwardRightWithDrill,10
CID10_SID06_VID04,MoveDiagonallyForwardRightWithDrill,10
CID10_SID06_VID05,MoveDiagonallyForwardRightWithDrill,10
CID10_SID06_VID06,MoveDiagonallyForwardRightWithDrill,10
CID10_SID06_VID07,MoveDiagonallyForwardRightWithDrill,10
CID10_SID07_VID01,MoveDiagonallyForwardRightWithDrill,10
CID10_SID07_VID02,MoveDiagonallyForwardRightWithDrill,10
CID10_SID07_VID03,MoveDiagonallyForwardRightWithDrill,10
CID10_SID07_VID04,MoveDiagonallyForwardRightWithDrill,10
CID10_SID07_VID05,MoveDiagonallyForwardRightWithDrill,10
CID10_SID07_VID06,MoveDiagonallyForwardRightWithDrill,10
CID10_SID07_VID07,MoveDiagonallyForwardRightWithDrill,10
CID10_SID08_VID02,MoveDiagonallyForwardRightWithDrill,10
CID10_SID08_VID03,MoveDiagonallyForwardRightWithDrill,10
CID10_SID08_VID04,MoveDiagonallyForwardRightWithDrill,10
CID10_SID08_VID05,MoveDiagonallyForwardRightWithDrill,10
CID10_SID08_VID06,MoveDiagonallyForwardRightWithDrill,10
CID10_SID08_VID07,MoveDiagonallyForwardRightWithDrill,10
CID10_SID09_VID01,MoveDiagonallyForwardRightWithDrill,10
CID10_SID09_VID02,MoveDiagonallyForwardRightWithDrill,10
CID10_SID09_VID03,MoveDiagonallyForwardRightWithDrill,10
CID10_SID09_VID04,MoveDiagonallyForwardRightWithDrill,10
CID10_SID09_VID05,MoveDiagonallyForwardRightWithDrill,10
CID10_SID09_VID06,MoveDiagonallyForwardRightWithDrill,10
CID10_SID09_VID07,MoveDiagonallyForwardRightWithDrill,10
CID10_SID10_VID01,MoveDiagonallyForwardRightWithDrill,10
CID10_SID10_VID02,MoveDiagonallyForwardRightWithDrill,10
CID10_SID10_VID03,MoveDiagonallyForwardRightWithDrill,10
CID10_SID10_VID04,MoveDiagonallyForwardRightWithDrill,10
CID10_SID10_VID05,MoveDiagonallyForwardRightWithDrill,10
CID10_SID10_VID06,MoveDiagonallyForwardRightWithDrill,10
CID10_SID10_VID07,MoveDiagonallyForwardRightWithDrill,10
CID11_SID01_VID01,MoveDiagonallyForwardRightWithPolisher,11
CID11_SID01_VID02,MoveDiagonallyForwardRightWithPolisher,11
CID11_SID01_VID03,MoveDiagonallyForwardRightWithPolisher,11
CID11_SID01_VID04,MoveDiagonallyForwardRightWithPolisher,11
CID11_SID01_VID05,MoveDiagonallyForwardRightWithPolisher,11
CID11_SID01_VID06,MoveDiagonallyForwardRightWithPolisher,11
CID11_SID01_VID07,MoveDiagonallyForwardRightWithPolisher,11
CID11_SID02_VID01,MoveDiagonallyForwardRightWithPolisher,11
CID11_SID02_VID02,MoveDiagonallyForwardRightWithPolisher,11
CID11_SID02_VID03,MoveDiagonallyForwardRightWithPolisher,11
CID11_SID02_VID04,MoveDiagonallyForwardRightWithPolisher,11
CID11_SID02_VID05,MoveDiagonallyForwardRightWithPolisher,11
CID11_SID02_VID06,MoveDiagonallyForwardRightWithPolisher,11
CID11_SID02_VID07,MoveDiagonallyForwardRightWithPolisher,11
CID11_SID03_VID01,MoveDiagonallyForwardRightWithPolisher,11
CID11_SID03_VID02,MoveDiagonallyForwardRightWithPolisher,11
CID11_SID03_VID03,MoveDiagonallyForwardRightWithPolisher,11
CID11_SID03_VID04,MoveDiagonallyForwardRightWithPolisher,11
CID11_SID03_VID05,MoveDiagonallyForwardRightWithPolisher,11
CID11_SID03_VID06,MoveDiagonallyForwardRightWithPolisher,11
CID11_SID03_VID07,MoveDiagonallyForwardRightWithPolisher,11
CID11_SID04_VID01,MoveDiagonallyForwardRightWithPolisher,11
CID11_SID04_VID02,MoveDiagonallyForwardRightWithPolisher,11
CID11_SID04_VID03,MoveDiagonallyForwardRightWithPolisher,11
CID11_SID04_VID04,MoveDiagonallyForwardRightWithPolisher,11
CID11_SID04_VID05,MoveDiagonallyForwardRightWithPolisher,11
CID11_SID04_VID06,MoveDiagonallyForwardRightWithPolisher,11
CID11_SID04_VID07,MoveDiagonallyForwardRightWithPolisher,11
CID11_SID05_VID01,MoveDiagonallyForwardRightWithPolisher,11
CID11_SID05_VID02,MoveDiagonallyForwardRightWithPolisher,11
CID11_SID05_VID03,MoveDiagonallyForwardRightWithPolisher,11
CID11_SID05_VID04,MoveDiagonallyForwardRightWithPolisher,11
CID11_SID05_VID05,MoveDiagonallyForwardRightWithPolisher,11
CID11_SID05_VID06,MoveDiagonallyForwardRightWithPolisher,11
CID11_SID05_VID07,MoveDiagonallyForwardRightWithPolisher,11
CID11_SID06_VID01,MoveDiagonallyForwardRightWithPolisher,11
CID11_SID06_VID02,MoveDiagonallyForwardRightWithPolisher,11
CID11_SID06_VID03,MoveDiagonallyForwardRightWithPolisher,11
CID11_SID06_VID04,MoveDiagonallyForwardRightWithPolisher,11
CID11_SID06_VID05,MoveDiagonallyForwardRightWithPolisher,11
CID11_SID06_VID06,MoveDiagonallyForwardRightWithPolisher,11
CID11_SID06_VID07,MoveDiagonallyForwardRightWithPolisher,11
CID11_SID07_VID01,MoveDiagonallyForwardRightWithPolisher,11
CID11_SID07_VID02,MoveDiagonallyForwardRightWithPolisher,11
CID11_SID07_VID03,MoveDiagonallyForwardRightWithPolisher,11
CID11_SID07_VID04,MoveDiagonallyForwardRightWithPolisher,11
CID11_SID07_VID05,MoveDiagonallyForwardRightWithPolisher,11
CID11_SID07_VID06,MoveDiagonallyForwardRightWithPolisher,11
CID11_SID07_VID07,MoveDiagonallyForwardRightWithPolisher,11
CID11_SID08_VID01,MoveDiagonallyForwardRightWithPolisher,11
CID11_SID08_VID02,MoveDiagonallyForwardRightWithPolisher,11
CID11_SID08_VID03,MoveDiagonallyForwardRightWithPolisher,11
CID11_SID08_VID04,MoveDiagonallyForwardRightWithPolisher,11
CID11_SID08_VID05,MoveDiagonallyForwardRightWithPolisher,11
CID11_SID08_VID06,MoveDiagonallyForwardRightWithPolisher,11
CID11_SID08_VID07,MoveDiagonallyForwardRightWithPolisher,11
CID11_SID09_VID01,MoveDiagonallyForwardRightWithPolisher,11
CID11_SID09_VID02,MoveDiagonallyForwardRightWithPolisher,11
CID11_SID09_VID03,MoveDiagonallyForwardRightWithPolisher,11
CID11_SID09_VID04,MoveDiagonallyForwardRightWithPolisher,11
CID11_SID09_VID05,MoveDiagonallyForwardRightWithPolisher,11
CID11_SID09_VID06,MoveDiagonallyForwardRightWithPolisher,11
CID11_SID09_VID07,MoveDiagonallyForwardRightWithPolisher,11
CID11_SID10_VID01,MoveDiagonallyForwardRightWithPolisher,11
CID11_SID10_VID02,MoveDiagonallyForwardRightWithPolisher,11
CID11_SID10_VID03,MoveDiagonallyForwardRightWithPolisher,11
CID11_SID10_VID04,MoveDiagonallyForwardRightWithPolisher,11
CID11_SID10_VID05,MoveDiagonallyForwardRightWithPolisher,11
CID11_SID10_VID06,MoveDiagonallyForwardRightWithPolisher,11
CID11_SID10_VID07,MoveDiagonallyForwardRightWithPolisher,11
CID12_SID01_VID01,MoveForwardWhileDrilling,12
CID12_SID01_VID02,MoveForwardWhileDrilling,12
CID12_SID01_VID03,MoveForwardWhileDrilling,12
CID12_SID01_VID04,MoveForwardWhileDrilling,12
CID12_SID01_VID05,MoveForwardWhileDrilling,12
CID12_SID01_VID06,MoveForwardWhileDrilling,12
CID12_SID01_VID07,MoveForwardWhileDrilling,12
CID12_SID02_VID01,MoveForwardWhileDrilling,12
CID12_SID02_VID02,MoveForwardWhileDrilling,12
CID12_SID02_VID03,MoveForwardWhileDrilling,12
CID12_SID02_VID04,MoveForwardWhileDrilling,12
CID12_SID02_VID05,MoveForwardWhileDrilling,12
CID12_SID02_VID06,MoveForwardWhileDrilling,12
CID12_SID02_VID07,MoveForwardWhileDrilling,12
CID12_SID03_VID01,MoveForwardWhileDrilling,12
CID12_SID03_VID02,MoveForwardWhileDrilling,12
CID12_SID03_VID03,MoveForwardWhileDrilling,12
CID12_SID03_VID04,MoveForwardWhileDrilling,12
CID12_SID03_VID05,MoveForwardWhileDrilling,12
CID12_SID03_VID06,MoveForwardWhileDrilling,12
CID12_SID03_VID07,MoveForwardWhileDrilling,12
CID12_SID04_VID01,MoveForwardWhileDrilling,12
CID12_SID04_VID02,MoveForwardWhileDrilling,12
CID12_SID04_VID03,MoveForwardWhileDrilling,12
CID12_SID04_VID04,MoveForwardWhileDrilling,12
CID12_SID04_VID05,MoveForwardWhileDrilling,12
CID12_SID04_VID06,MoveForwardWhileDrilling,12
CID12_SID04_VID07,MoveForwardWhileDrilling,12
CID12_SID05_VID01,MoveForwardWhileDrilling,12
CID12_SID05_VID02,MoveForwardWhileDrilling,12
CID12_SID05_VID03,MoveForwardWhileDrilling,12
CID12_SID05_VID04,MoveForwardWhileDrilling,12
CID12_SID05_VID05,MoveForwardWhileDrilling,12
CID12_SID05_VID06,MoveForwardWhileDrilling,12
CID12_SID05_VID07,MoveForwardWhileDrilling,12
CID12_SID06_VID01,MoveForwardWhileDrilling,12
CID12_SID06_VID02,MoveForwardWhileDrilling,12
CID12_SID06_VID03,MoveForwardWhileDrilling,12
CID12_SID06_VID04,MoveForwardWhileDrilling,12
CID12_SID06_VID05,MoveForwardWhileDrilling,12
CID12_SID06_VID06,MoveForwardWhileDrilling,12
CID12_SID06_VID07,MoveForwardWhileDrilling,12
CID12_SID07_VID01,MoveForwardWhileDrilling,12
CID12_SID07_VID02,MoveForwardWhileDrilling,12
CID12_SID07_VID03,MoveForwardWhileDrilling,12
CID12_SID07_VID04,MoveForwardWhileDrilling,12
CID12_SID07_VID05,MoveForwardWhileDrilling,12
CID12_SID07_VID06,MoveForwardWhileDrilling,12
CID12_SID07_VID07,MoveForwardWhileDrilling,12
CID12_SID08_VID01,MoveForwardWhileDrilling,12
CID12_SID08_VID02,MoveForwardWhileDrilling,12
CID12_SID08_VID03,MoveForwardWhileDrilling,12
CID12_SID08_VID04,MoveForwardWhileDrilling,12
CID12_SID08_VID05,MoveForwardWhileDrilling,12
CID12_SID08_VID06,MoveForwardWhileDrilling,12
CID12_SID08_VID07,MoveForwardWhileDrilling,12
CID12_SID09_VID01,MoveForwardWhileDrilling,12
CID12_SID09_VID02,MoveForwardWhileDrilling,12
CID12_SID09_VID03,MoveForwardWhileDrilling,12
CID12_SID09_VID04,MoveForwardWhileDrilling,12
CID12_SID09_VID05,MoveForwardWhileDrilling,12
CID12_SID09_VID06,MoveForwardWhileDrilling,12
CID12_SID09_VID07,MoveForwardWhileDrilling,12
CID12_SID10_VID01,MoveForwardWhileDrilling,12
CID12_SID10_VID02,MoveForwardWhileDrilling,12
CID12_SID10_VID03,MoveForwardWhileDrilling,12
CID12_SID10_VID04,MoveForwardWhileDrilling,12
CID12_SID10_VID05,MoveForwardWhileDrilling,12
CID12_SID10_VID06,MoveForwardWhileDrilling,12
CID12_SID10_VID07,MoveForwardWhileDrilling,12
CID13_SID01_VID01,MoveForwardWhilePolishing,13
CID13_SID01_VID02,MoveForwardWhilePolishing,13
CID13_SID01_VID03,MoveForwardWhilePolishing,13
CID13_SID01_VID04,MoveForwardWhilePolishing,13
CID13_SID01_VID05,MoveForwardWhilePolishing,13
CID13_SID01_VID06,MoveForwardWhilePolishing,13
CID13_SID01_VID07,MoveForwardWhilePolishing,13
CID13_SID02_VID01,MoveForwardWhilePolishing,13
CID13_SID02_VID02,MoveForwardWhilePolishing,13
CID13_SID02_VID03,MoveForwardWhilePolishing,13
CID13_SID02_VID04,MoveForwardWhilePolishing,13
CID13_SID02_VID05,MoveForwardWhilePolishing,13
CID13_SID02_VID06,MoveForwardWhilePolishing,13
CID13_SID02_VID07,MoveForwardWhilePolishing,13
CID13_SID03_VID01,MoveForwardWhilePolishing,13
CID13_SID03_VID02,MoveForwardWhilePolishing,13
CID13_SID03_VID03,MoveForwardWhilePolishing,13
CID13_SID03_VID04,MoveForwardWhilePolishing,13
CID13_SID03_VID05,MoveForwardWhilePolishing,13
CID13_SID03_VID06,MoveForwardWhilePolishing,13
CID13_SID03_VID07,MoveForwardWhilePolishing,13
CID13_SID04_VID01,MoveForwardWhilePolishing,13
CID13_SID04_VID02,MoveForwardWhilePolishing,13
CID13_SID04_VID03,MoveForwardWhilePolishing,13
CID13_SID04_VID04,MoveForwardWhilePolishing,13
CID13_SID04_VID05,MoveForwardWhilePolishing,13
CID13_SID04_VID06,MoveForwardWhilePolishing,13
CID13_SID04_VID07,MoveForwardWhilePolishing,13
CID13_SID05_VID01,MoveForwardWhilePolishing,13
CID13_SID05_VID02,MoveForwardWhilePolishing,13
CID13_SID05_VID03,MoveForwardWhilePolishing,13
CID13_SID05_VID04,MoveForwardWhilePolishing,13
CID13_SID05_VID05,MoveForwardWhilePolishing,13
CID13_SID05_VID06,MoveForwardWhilePolishing,13
CID13_SID05_VID07,MoveForwardWhilePolishing,13
CID13_SID06_VID01,MoveForwardWhilePolishing,13
CID13_SID06_VID02,MoveForwardWhilePolishing,13
CID13_SID06_VID03,MoveForwardWhilePolishing,13
CID13_SID06_VID04,MoveForwardWhilePolishing,13
CID13_SID06_VID05,MoveForwardWhilePolishing,13
CID13_SID06_VID06,MoveForwardWhilePolishing,13
CID13_SID06_VID07,MoveForwardWhilePolishing,13
CID13_SID07_VID01,MoveForwardWhilePolishing,13
CID13_SID07_VID02,MoveForwardWhilePolishing,13
CID13_SID07_VID03,MoveForwardWhilePolishing,13
CID13_SID07_VID04,MoveForwardWhilePolishing,13
CID13_SID07_VID05,MoveForwardWhilePolishing,13
CID13_SID07_VID06,MoveForwardWhilePolishing,13
CID13_SID07_VID07,MoveForwardWhilePolishing,13
CID13_SID08_VID01,MoveForwardWhilePolishing,13
CID13_SID08_VID02,MoveForwardWhilePolishing,13
CID13_SID08_VID03,MoveForwardWhilePolishing,13
CID13_SID08_VID04,MoveForwardWhilePolishing,13
CID13_SID08_VID05,MoveForwardWhilePolishing,13
CID13_SID08_VID06,MoveForwardWhilePolishing,13
CID13_SID08_VID07,MoveForwardWhilePolishing,13
CID13_SID09_VID01,MoveForwardWhilePolishing,13
CID13_SID09_VID02,MoveForwardWhilePolishing,13
CID13_SID09_VID03,MoveForwardWhilePolishing,13
CID13_SID09_VID04,MoveForwardWhilePolishing,13
CID13_SID09_VID05,MoveForwardWhilePolishing,13
CID13_SID09_VID06,MoveForwardWhilePolishing,13
CID13_SID09_VID07,MoveForwardWhilePolishing,13
CID13_SID10_VID01,MoveForwardWhilePolishing,13
CID13_SID10_VID02,MoveForwardWhilePolishing,13
CID13_SID10_VID03,MoveForwardWhilePolishing,13
CID13_SID10_VID04,MoveForwardWhilePolishing,13
CID13_SID10_VID05,MoveForwardWhilePolishing,13
CID13_SID10_VID06,MoveForwardWhilePolishing,13
CID13_SID10_VID07,MoveForwardWhilePolishing,13
CID14_SID01_VID01,MoveLeftWhileDrilling,14
CID14_SID01_VID02,MoveLeftWhileDrilling,14
CID14_SID01_VID03,MoveLeftWhileDrilling,14
CID14_SID01_VID04,MoveLeftWhileDrilling,14
CID14_SID01_VID05,MoveLeftWhileDrilling,14
CID14_SID01_VID06,MoveLeftWhileDrilling,14
CID14_SID01_VID07,MoveLeftWhileDrilling,14
CID14_SID02_VID01,MoveLeftWhileDrilling,14
CID14_SID02_VID02,MoveLeftWhileDrilling,14
CID14_SID02_VID03,MoveLeftWhileDrilling,14
CID14_SID02_VID04,MoveLeftWhileDrilling,14
CID14_SID02_VID05,MoveLeftWhileDrilling,14
CID14_SID02_VID06,MoveLeftWhileDrilling,14
CID14_SID02_VID07,MoveLeftWhileDrilling,14
CID14_SID03_VID01,MoveLeftWhileDrilling,14
CID14_SID03_VID02,MoveLeftWhileDrilling,14
CID14_SID03_VID03,MoveLeftWhileDrilling,14
CID14_SID03_VID04,MoveLeftWhileDrilling,14
CID14_SID03_VID05,MoveLeftWhileDrilling,14
CID14_SID03_VID06,MoveLeftWhileDrilling,14
CID14_SID03_VID07,MoveLeftWhileDrilling,14
CID14_SID04_VID01,MoveLeftWhileDrilling,14
CID14_SID04_VID02,MoveLeftWhileDrilling,14
CID14_SID04_VID03,MoveLeftWhileDrilling,14
CID14_SID04_VID04,MoveLeftWhileDrilling,14
CID14_SID04_VID05,MoveLeftWhileDrilling,14
CID14_SID04_VID06,MoveLeftWhileDrilling,14
CID14_SID04_VID07,MoveLeftWhileDrilling,14
CID14_SID05_VID01,MoveLeftWhileDrilling,14
CID14_SID05_VID02,MoveLeftWhileDrilling,14
CID14_SID05_VID03,MoveLeftWhileDrilling,14
CID14_SID05_VID04,MoveLeftWhileDrilling,14
CID14_SID05_VID05,MoveLeftWhileDrilling,14
CID14_SID05_VID06,MoveLeftWhileDrilling,14
CID14_SID05_VID07,MoveLeftWhileDrilling,14
CID14_SID06_VID01,MoveLeftWhileDrilling,14
CID14_SID06_VID02,MoveLeftWhileDrilling,14
CID14_SID06_VID03,MoveLeftWhileDrilling,14
CID14_SID06_VID04,MoveLeftWhileDrilling,14
CID14_SID06_VID05,MoveLeftWhileDrilling,14
CID14_SID06_VID06,MoveLeftWhileDrilling,14
CID14_SID06_VID07,MoveLeftWhileDrilling,14
CID14_SID07_VID01,MoveLeftWhileDrilling,14
CID14_SID07_VID02,MoveLeftWhileDrilling,14
CID14_SID07_VID03,MoveLeftWhileDrilling,14
CID14_SID07_VID04,MoveLeftWhileDrilling,14
CID14_SID07_VID05,MoveLeftWhileDrilling,14
CID14_SID07_VID06,MoveLeftWhileDrilling,14
CID14_SID07_VID07,MoveLeftWhileDrilling,14
CID14_SID08_VID01,MoveLeftWhileDrilling,14
CID14_SID08_VID02,MoveLeftWhileDrilling,14
CID14_SID08_VID03,MoveLeftWhileDrilling,14
CID14_SID08_VID04,MoveLeftWhileDrilling,14
CID14_SID08_VID05,MoveLeftWhileDrilling,14
CID14_SID08_VID06,MoveLeftWhileDrilling,14
CID14_SID08_VID07,MoveLeftWhileDrilling,14
CID14_SID09_VID01,MoveLeftWhileDrilling,14
CID14_SID09_VID02,MoveLeftWhileDrilling,14
CID14_SID09_VID03,MoveLeftWhileDrilling,14
CID14_SID09_VID04,MoveLeftWhileDrilling,14
CID14_SID09_VID05,MoveLeftWhileDrilling,14
CID14_SID09_VID06,MoveLeftWhileDrilling,14
CID14_SID09_VID07,MoveLeftWhileDrilling,14
CID14_SID10_VID01,MoveLeftWhileDrilling,14
CID14_SID10_VID02,MoveLeftWhileDrilling,14
CID14_SID10_VID03,MoveLeftWhileDrilling,14
CID14_SID10_VID04,MoveLeftWhileDrilling,14
CID14_SID10_VID05,MoveLeftWhileDrilling,14
CID14_SID10_VID06,MoveLeftWhileDrilling,14
CID14_SID10_VID07,MoveLeftWhileDrilling,14
CID15_SID01_VID01,MoveLeftWhilePolishing,15
CID15_SID01_VID02,MoveLeftWhilePolishing,15
CID15_SID01_VID03,MoveLeftWhilePolishing,15
CID15_SID01_VID04,MoveLeftWhilePolishing,15
CID15_SID01_VID05,MoveLeftWhilePolishing,15
CID15_SID01_VID06,MoveLeftWhilePolishing,15
CID15_SID01_VID07,MoveLeftWhilePolishing,15
CID15_SID02_VID01,MoveLeftWhilePolishing,15
CID15_SID02_VID02,MoveLeftWhilePolishing,15
CID15_SID02_VID03,MoveLeftWhilePolishing,15
CID15_SID02_VID04,MoveLeftWhilePolishing,15
CID15_SID02_VID05,MoveLeftWhilePolishing,15
CID15_SID02_VID06,MoveLeftWhilePolishing,15
CID15_SID02_VID07,MoveLeftWhilePolishing,15
CID15_SID03_VID01,MoveLeftWhilePolishing,15
CID15_SID03_VID02,MoveLeftWhilePolishing,15
CID15_SID03_VID03,MoveLeftWhilePolishing,15
CID15_SID03_VID04,MoveLeftWhilePolishing,15
CID15_SID03_VID05,MoveLeftWhilePolishing,15
CID15_SID03_VID06,MoveLeftWhilePolishing,15
CID15_SID03_VID07,MoveLeftWhilePolishing,15
CID15_SID04_VID01,MoveLeftWhilePolishing,15
CID15_SID04_VID02,MoveLeftWhilePolishing,15
CID15_SID04_VID03,MoveLeftWhilePolishing,15
CID15_SID04_VID04,MoveLeftWhilePolishing,15
CID15_SID04_VID05,MoveLeftWhilePolishing,15
CID15_SID04_VID06,MoveLeftWhilePolishing,15
CID15_SID04_VID07,MoveLeftWhilePolishing,15
CID15_SID05_VID01,MoveLeftWhilePolishing,15
CID15_SID05_VID02,MoveLeftWhilePolishing,15
CID15_SID05_VID03,MoveLeftWhilePolishing,15
CID15_SID05_VID04,MoveLeftWhilePolishing,15
CID15_SID05_VID05,MoveLeftWhilePolishing,15
CID15_SID05_VID06,MoveLeftWhilePolishing,15
CID15_SID05_VID07,MoveLeftWhilePolishing,15
CID15_SID06_VID01,MoveLeftWhilePolishing,15
CID15_SID06_VID02,MoveLeftWhilePolishing,15
CID15_SID06_VID03,MoveLeftWhilePolishing,15
CID15_SID06_VID04,MoveLeftWhilePolishing,15
CID15_SID06_VID05,MoveLeftWhilePolishing,15
CID15_SID06_VID06,MoveLeftWhilePolishing,15
CID15_SID06_VID07,MoveLeftWhilePolishing,15
CID15_SID07_VID01,MoveLeftWhilePolishing,15
CID15_SID07_VID02,MoveLeftWhilePolishing,15
CID15_SID07_VID03,MoveLeftWhilePolishing,15
CID15_SID07_VID04,MoveLeftWhilePolishing,15
CID15_SID07_VID05,MoveLeftWhilePolishing,15
CID15_SID07_VID06,MoveLeftWhilePolishing,15
CID15_SID07_VID07,MoveLeftWhilePolishing,15
CID15_SID08_VID01,MoveLeftWhilePolishing,15
CID15_SID08_VID02,MoveLeftWhilePolishing,15
CID15_SID08_VID03,MoveLeftWhilePolishing,15
CID15_SID08_VID04,MoveLeftWhilePolishing,15
CID15_SID08_VID05,MoveLeftWhilePolishing,15
CID15_SID08_VID06,MoveLeftWhilePolishing,15
CID15_SID08_VID07,MoveLeftWhilePolishing,15
CID15_SID09_VID01,MoveLeftWhilePolishing,15
CID15_SID09_VID02,MoveLeftWhilePolishing,15
CID15_SID09_VID03,MoveLeftWhilePolishing,15
CID15_SID09_VID04,MoveLeftWhilePolishing,15
CID15_SID09_VID05,MoveLeftWhilePolishing,15
CID15_SID09_VID06,MoveLeftWhilePolishing,15
CID15_SID09_VID07,MoveLeftWhilePolishing,15
CID15_SID10_VID01,MoveLeftWhilePolishing,15
CID15_SID10_VID02,MoveLeftWhilePolishing,15
CID15_SID10_VID03,MoveLeftWhilePolishing,15
CID15_SID10_VID04,MoveLeftWhilePolishing,15
CID15_SID10_VID05,MoveLeftWhilePolishing,15
CID15_SID10_VID06,MoveLeftWhilePolishing,15
CID15_SID10_VID07,MoveLeftWhilePolishing,15
CID16_SID01_VID01,MoveRightWhileDrilling,16
CID16_SID01_VID02,MoveRightWhileDrilling,16
CID16_SID01_VID03,MoveRightWhileDrilling,16
CID16_SID01_VID04,MoveRightWhileDrilling,16
CID16_SID01_VID05,MoveRightWhileDrilling,16
CID16_SID01_VID06,MoveRightWhileDrilling,16
CID16_SID01_VID07,MoveRightWhileDrilling,16
CID16_SID02_VID01,MoveRightWhileDrilling,16
CID16_SID02_VID02,MoveRightWhileDrilling,16
CID16_SID02_VID03,MoveRightWhileDrilling,16
CID16_SID02_VID04,MoveRightWhileDrilling,16
CID16_SID02_VID05,MoveRightWhileDrilling,16
CID16_SID02_VID06,MoveRightWhileDrilling,16
CID16_SID02_VID07,MoveRightWhileDrilling,16
CID16_SID03_VID01,MoveRightWhileDrilling,16
CID16_SID03_VID02,MoveRightWhileDrilling,16
CID16_SID03_VID03,MoveRightWhileDrilling,16
CID16_SID03_VID04,MoveRightWhileDrilling,16
CID16_SID03_VID05,MoveRightWhileDrilling,16
CID16_SID03_VID06,MoveRightWhileDrilling,16
CID16_SID03_VID07,MoveRightWhileDrilling,16
CID16_SID04_VID01,MoveRightWhileDrilling,16
CID16_SID04_VID02,MoveRightWhileDrilling,16
CID16_SID04_VID03,MoveRightWhileDrilling,16
CID16_SID04_VID04,MoveRightWhileDrilling,16
CID16_SID04_VID05,MoveRightWhileDrilling,16
CID16_SID04_VID06,MoveRightWhileDrilling,16
CID16_SID04_VID07,MoveRightWhileDrilling,16
CID16_SID05_VID01,MoveRightWhileDrilling,16
CID16_SID05_VID02,MoveRightWhileDrilling,16
CID16_SID05_VID03,MoveRightWhileDrilling,16
CID16_SID05_VID04,MoveRightWhileDrilling,16
CID16_SID05_VID05,MoveRightWhileDrilling,16
CID16_SID05_VID06,MoveRightWhileDrilling,16
CID16_SID05_VID07,MoveRightWhileDrilling,16
CID16_SID06_VID01,MoveRightWhileDrilling,16
CID16_SID06_VID02,MoveRightWhileDrilling,16
CID16_SID06_VID03,MoveRightWhileDrilling,16
CID16_SID06_VID04,MoveRightWhileDrilling,16
CID16_SID06_VID05,MoveRightWhileDrilling,16
CID16_SID06_VID06,MoveRightWhileDrilling,16
CID16_SID06_VID07,MoveRightWhileDrilling,16
CID16_SID07_VID01,MoveRightWhileDrilling,16
CID16_SID07_VID02,MoveRightWhileDrilling,16
CID16_SID07_VID03,MoveRightWhileDrilling,16
CID16_SID07_VID04,MoveRightWhileDrilling,16
CID16_SID07_VID05,MoveRightWhileDrilling,16
CID16_SID07_VID06,MoveRightWhileDrilling,16
CID16_SID07_VID07,MoveRightWhileDrilling,16
CID16_SID08_VID01,MoveRightWhileDrilling,16
CID16_SID08_VID02,MoveRightWhileDrilling,16
CID16_SID08_VID03,MoveRightWhileDrilling,16
CID16_SID08_VID04,MoveRightWhileDrilling,16
CID16_SID08_VID05,MoveRightWhileDrilling,16
CID16_SID08_VID06,MoveRightWhileDrilling,16
CID16_SID08_VID07,MoveRightWhileDrilling,16
CID16_SID09_VID01,MoveRightWhileDrilling,16
CID16_SID09_VID02,MoveRightWhileDrilling,16
CID16_SID09_VID03,MoveRightWhileDrilling,16
CID16_SID09_VID04,MoveRightWhileDrilling,16
CID16_SID09_VID05,MoveRightWhileDrilling,16
CID16_SID09_VID06,MoveRightWhileDrilling,16
CID16_SID09_VID07,MoveRightWhileDrilling,16
CID16_SID10_VID01,MoveRightWhileDrilling,16
CID16_SID10_VID02,MoveRightWhileDrilling,16
CID16_SID10_VID03,MoveRightWhileDrilling,16
CID16_SID10_VID04,MoveRightWhileDrilling,16
CID16_SID10_VID05,MoveRightWhileDrilling,16
CID16_SID10_VID06,MoveRightWhileDrilling,16
CID16_SID10_VID07,MoveRightWhileDrilling,16
CID17_SID01_VID01,MoveRightWhilePolishing,17
CID17_SID01_VID02,MoveRightWhilePolishing,17
CID17_SID01_VID03,MoveRightWhilePolishing,17
CID17_SID01_VID04,MoveRightWhilePolishing,17
CID17_SID01_VID05,MoveRightWhilePolishing,17
CID17_SID01_VID06,MoveRightWhilePolishing,17
CID17_SID01_VID07,MoveRightWhilePolishing,17
CID17_SID02_VID01,MoveRightWhilePolishing,17
CID17_SID02_VID02,MoveRightWhilePolishing,17
CID17_SID02_VID03,MoveRightWhilePolishing,17
CID17_SID02_VID04,MoveRightWhilePolishing,17
CID17_SID02_VID05,MoveRightWhilePolishing,17
CID17_SID02_VID06,MoveRightWhilePolishing,17
CID17_SID02_VID07,MoveRightWhilePolishing,17
CID17_SID03_VID01,MoveRightWhilePolishing,17
CID17_SID03_VID02,MoveRightWhilePolishing,17
CID17_SID03_VID03,MoveRightWhilePolishing,17
CID17_SID03_VID04,MoveRightWhilePolishing,17
CID17_SID03_VID05,MoveRightWhilePolishing,17
CID17_SID03_VID06,MoveRightWhilePolishing,17
CID17_SID03_VID07,MoveRightWhilePolishing,17
CID17_SID04_VID01,MoveRightWhilePolishing,17
CID17_SID04_VID02,MoveRightWhilePolishing,17
CID17_SID04_VID03,MoveRightWhilePolishing,17
CID17_SID04_VID04,MoveRightWhilePolishing,17
CID17_SID04_VID05,MoveRightWhilePolishing,17
CID17_SID04_VID06,MoveRightWhilePolishing,17
CID17_SID04_VID07,MoveRightWhilePolishing,17
CID17_SID05_VID01,MoveRightWhilePolishing,17
CID17_SID05_VID02,MoveRightWhilePolishing,17
CID17_SID05_VID03,MoveRightWhilePolishing,17
CID17_SID05_VID04,MoveRightWhilePolishing,17
CID17_SID05_VID05,MoveRightWhilePolishing,17
CID17_SID05_VID06,MoveRightWhilePolishing,17
CID17_SID05_VID07,MoveRightWhilePolishing,17
CID17_SID06_VID01,MoveRightWhilePolishing,17
CID17_SID06_VID02,MoveRightWhilePolishing,17
CID17_SID06_VID03,MoveRightWhilePolishing,17
CID17_SID06_VID04,MoveRightWhilePolishing,17
CID17_SID06_VID05,MoveRightWhilePolishing,17
CID17_SID06_VID06,MoveRightWhilePolishing,17
CID17_SID06_VID07,MoveRightWhilePolishing,17
CID17_SID07_VID01,MoveRightWhilePolishing,17
CID17_SID07_VID02,MoveRightWhilePolishing,17
CID17_SID07_VID03,MoveRightWhilePolishing,17
CID17_SID07_VID04,MoveRightWhilePolishing,17
CID17_SID07_VID05,MoveRightWhilePolishing,17
CID17_SID07_VID06,MoveRightWhilePolishing,17
CID17_SID07_VID07,MoveRightWhilePolishing,17
CID17_SID08_VID01,MoveRightWhilePolishing,17
CID17_SID08_VID02,MoveRightWhilePolishing,17
CID17_SID08_VID03,MoveRightWhilePolishing,17
CID17_SID08_VID04,MoveRightWhilePolishing,17
CID17_SID08_VID05,MoveRightWhilePolishing,17
CID17_SID08_VID06,MoveRightWhilePolishing,17
CID17_SID08_VID07,MoveRightWhilePolishing,17
CID17_SID09_VID01,MoveRightWhilePolishing,17
CID17_SID09_VID02,MoveRightWhilePolishing,17
CID17_SID09_VID03,MoveRightWhilePolishing,17
CID17_SID09_VID04,MoveRightWhilePolishing,17
CID17_SID09_VID05,MoveRightWhilePolishing,17
CID17_SID09_VID06,MoveRightWhilePolishing,17
CID17_SID09_VID07,MoveRightWhilePolishing,17
CID17_SID10_VID01,MoveRightWhilePolishing,17
CID17_SID10_VID02,MoveRightWhilePolishing,17
CID17_SID10_VID03,MoveRightWhilePolishing,17
CID17_SID10_VID04,MoveRightWhilePolishing,17
CID17_SID10_VID05,MoveRightWhilePolishing,17
CID17_SID10_VID06,MoveRightWhilePolishing,17
CID17_SID10_VID07,MoveRightWhilePolishing,17
CID18_SID01_VID01,NoCollaborativeWithDrilll,18
CID18_SID01_VID02,NoCollaborativeWithDrilll,18
CID18_SID01_VID03,NoCollaborativeWithDrilll,18
CID18_SID01_VID04,NoCollaborativeWithDrilll,18
CID18_SID01_VID05,NoCollaborativeWithDrilll,18
CID18_SID01_VID06,NoCollaborativeWithDrilll,18
CID18_SID01_VID07,NoCollaborativeWithDrilll,18
CID18_SID02_VID01,NoCollaborativeWithDrilll,18
CID18_SID02_VID02,NoCollaborativeWithDrilll,18
CID18_SID02_VID03,NoCollaborativeWithDrilll,18
CID18_SID02_VID04,NoCollaborativeWithDrilll,18
CID18_SID02_VID05,NoCollaborativeWithDrilll,18
CID18_SID02_VID06,NoCollaborativeWithDrilll,18
CID18_SID02_VID07,NoCollaborativeWithDrilll,18
CID18_SID03_VID01,NoCollaborativeWithDrilll,18
CID18_SID03_VID02,NoCollaborativeWithDrilll,18
CID18_SID03_VID03,NoCollaborativeWithDrilll,18
CID18_SID03_VID04,NoCollaborativeWithDrilll,18
CID18_SID03_VID05,NoCollaborativeWithDrilll,18
CID18_SID03_VID06,NoCollaborativeWithDrilll,18
CID18_SID03_VID07,NoCollaborativeWithDrilll,18
CID18_SID04_VID01,NoCollaborativeWithDrilll,18
CID18_SID04_VID02,NoCollaborativeWithDrilll,18
CID18_SID04_VID03,NoCollaborativeWithDrilll,18
CID18_SID04_VID04,NoCollaborativeWithDrilll,18
CID18_SID04_VID05,NoCollaborativeWithDrilll,18
CID18_SID04_VID06,NoCollaborativeWithDrilll,18
CID18_SID04_VID07,NoCollaborativeWithDrilll,18
CID18_SID05_VID01,NoCollaborativeWithDrilll,18
CID18_SID05_VID02,NoCollaborativeWithDrilll,18
CID18_SID05_VID03,NoCollaborativeWithDrilll,18
CID18_SID05_VID04,NoCollaborativeWithDrilll,18
CID18_SID05_VID05,NoCollaborativeWithDrilll,18
CID18_SID05_VID06,NoCollaborativeWithDrilll,18
CID18_SID05_VID07,NoCollaborativeWithDrilll,18
CID18_SID06_VID01,NoCollaborativeWithDrilll,18
CID18_SID06_VID02,NoCollaborativeWithDrilll,18
CID18_SID06_VID03,NoCollaborativeWithDrilll,18
CID18_SID06_VID04,NoCollaborativeWithDrilll,18
CID18_SID06_VID05,NoCollaborativeWithDrilll,18
CID18_SID06_VID06,NoCollaborativeWithDrilll,18
CID18_SID06_VID07,NoCollaborativeWithDrilll,18
CID18_SID07_VID01,NoCollaborativeWithDrilll,18
CID18_SID07_VID02,NoCollaborativeWithDrilll,18
CID18_SID07_VID03,NoCollaborativeWithDrilll,18
CID18_SID07_VID04,NoCollaborativeWithDrilll,18
CID18_SID07_VID05,NoCollaborativeWithDrilll,18
CID18_SID07_VID06,NoCollaborativeWithDrilll,18
CID18_SID07_VID07,NoCollaborativeWithDrilll,18
CID18_SID08_VID01,NoCollaborativeWithDrilll,18
CID18_SID08_VID02,NoCollaborativeWithDrilll,18
CID18_SID08_VID03,NoCollaborativeWithDrilll,18
CID18_SID08_VID04,NoCollaborativeWithDrilll,18
CID18_SID08_VID05,NoCollaborativeWithDrilll,18
CID18_SID08_VID06,NoCollaborativeWithDrilll,18
CID18_SID08_VID07,NoCollaborativeWithDrilll,18
CID18_SID09_VID01,NoCollaborativeWithDrilll,18
CID18_SID09_VID02,NoCollaborativeWithDrilll,18
CID18_SID09_VID03,NoCollaborativeWithDrilll,18
CID18_SID09_VID04,NoCollaborativeWithDrilll,18
CID18_SID09_VID05,NoCollaborativeWithDrilll,18
CID18_SID09_VID06,NoCollaborativeWithDrilll,18
CID18_SID09_VID07,NoCollaborativeWithDrilll,18
CID18_SID10_VID01,NoCollaborativeWithDrilll,18
CID18_SID10_VID02,NoCollaborativeWithDrilll,18
CID18_SID10_VID03,NoCollaborativeWithDrilll,18
CID18_SID10_VID04,NoCollaborativeWithDrilll,18
CID18_SID10_VID05,NoCollaborativeWithDrilll,18
CID18_SID10_VID06,NoCollaborativeWithDrilll,18
CID18_SID10_VID07,NoCollaborativeWithDrilll,18
CID19_SID01_VID01,NoCollaborativeWithPolisher,19
CID19_SID01_VID02,NoCollaborativeWithPolisher,19
CID19_SID01_VID03,NoCollaborativeWithPolisher,19
CID19_SID01_VID04,NoCollaborativeWithPolisher,19
CID19_SID01_VID05,NoCollaborativeWithPolisher,19
CID19_SID01_VID06,NoCollaborativeWithPolisher,19
CID19_SID01_VID07,NoCollaborativeWithPolisher,19
CID19_SID02_VID01,NoCollaborativeWithPolisher,19
CID19_SID02_VID02,NoCollaborativeWithPolisher,19
CID19_SID02_VID03,NoCollaborativeWithPolisher,19
CID19_SID02_VID04,NoCollaborativeWithPolisher,19
CID19_SID02_VID05,NoCollaborativeWithPolisher,19
CID19_SID02_VID06,NoCollaborativeWithPolisher,19
CID19_SID02_VID07,NoCollaborativeWithPolisher,19
CID19_SID03_VID01,NoCollaborativeWithPolisher,19
CID19_SID03_VID02,NoCollaborativeWithPolisher,19
CID19_SID03_VID03,NoCollaborativeWithPolisher,19
CID19_SID03_VID04,NoCollaborativeWithPolisher,19
CID19_SID03_VID05,NoCollaborativeWithPolisher,19
CID19_SID03_VID06,NoCollaborativeWithPolisher,19
CID19_SID03_VID07,NoCollaborativeWithPolisher,19
CID19_SID04_VID01,NoCollaborativeWithPolisher,19
CID19_SID04_VID02,NoCollaborativeWithPolisher,19
CID19_SID04_VID03,NoCollaborativeWithPolisher,19
CID19_SID04_VID04,NoCollaborativeWithPolisher,19
CID19_SID04_VID05,NoCollaborativeWithPolisher,19
CID19_SID04_VID06,NoCollaborativeWithPolisher,19
CID19_SID04_VID07,NoCollaborativeWithPolisher,19
CID19_SID05_VID01,NoCollaborativeWithPolisher,19
CID19_SID05_VID02,NoCollaborativeWithPolisher,19
CID19_SID05_VID03,NoCollaborativeWithPolisher,19
CID19_SID05_VID04,NoCollaborativeWithPolisher,19
CID19_SID05_VID05,NoCollaborativeWithPolisher,19
CID19_SID05_VID06,NoCollaborativeWithPolisher,19
CID19_SID05_VID07,NoCollaborativeWithPolisher,19
CID19_SID06_VID01,NoCollaborativeWithPolisher,19
CID19_SID06_VID02,NoCollaborativeWithPolisher,19
CID19_SID06_VID03,NoCollaborativeWithPolisher,19
CID19_SID06_VID04,NoCollaborativeWithPolisher,19
CID19_SID06_VID05,NoCollaborativeWithPolisher,19
CID19_SID06_VID06,NoCollaborativeWithPolisher,19
CID19_SID06_VID07,NoCollaborativeWithPolisher,19
CID19_SID07_VID01,NoCollaborativeWithPolisher,19
CID19_SID07_VID02,NoCollaborativeWithPolisher,19
CID19_SID07_VID03,NoCollaborativeWithPolisher,19
CID19_SID07_VID04,NoCollaborativeWithPolisher,19
CID19_SID07_VID05,NoCollaborativeWithPolisher,19
CID19_SID07_VID06,NoCollaborativeWithPolisher,19
CID19_SID07_VID07,NoCollaborativeWithPolisher,19
CID19_SID08_VID01,NoCollaborativeWithPolisher,19
CID19_SID08_VID02,NoCollaborativeWithPolisher,19
CID19_SID08_VID03,NoCollaborativeWithPolisher,19
CID19_SID08_VID04,NoCollaborativeWithPolisher,19
CID19_SID08_VID05,NoCollaborativeWithPolisher,19
CID19_SID08_VID06,NoCollaborativeWithPolisher,19
CID19_SID08_VID07,NoCollaborativeWithPolisher,19
CID19_SID09_VID01,NoCollaborativeWithPolisher,19
CID19_SID09_VID02,NoCollaborativeWithPolisher,19
CID19_SID09_VID03,NoCollaborativeWithPolisher,19
CID19_SID09_VID04,NoCollaborativeWithPolisher,19
CID19_SID09_VID05,NoCollaborativeWithPolisher,19
CID19_SID09_VID06,NoCollaborativeWithPolisher,19
CID19_SID09_VID07,NoCollaborativeWithPolisher,19
CID19_SID10_VID01,NoCollaborativeWithPolisher,19
CID19_SID10_VID02,NoCollaborativeWithPolisher,19
CID19_SID10_VID03,NoCollaborativeWithPolisher,19
CID19_SID10_VID04,NoCollaborativeWithPolisher,19
CID19_SID10_VID05,NoCollaborativeWithPolisher,19
CID19_SID10_VID06,NoCollaborativeWithPolisher,19
CID19_SID10_VID07,NoCollaborativeWithPolisher,19
CID20_SID01_VID01,PickUpDrill,20
CID20_SID01_VID02,PickUpDrill,20
CID20_SID01_VID03,PickUpDrill,20
CID20_SID01_VID04,PickUpDrill,20
CID20_SID01_VID05,PickUpDrill,20
CID20_SID01_VID06,PickUpDrill,20
CID20_SID01_VID07,PickUpDrill,20
CID20_SID02_VID01,PickUpDrill,20
CID20_SID02_VID02,PickUpDrill,20
CID20_SID02_VID03,PickUpDrill,20
CID20_SID02_VID04,PickUpDrill,20
CID20_SID02_VID05,PickUpDrill,20
CID20_SID02_VID06,PickUpDrill,20
CID20_SID02_VID07,PickUpDrill,20
CID20_SID03_VID01,PickUpDrill,20
CID20_SID03_VID02,PickUpDrill,20
CID20_SID03_VID03,PickUpDrill,20
CID20_SID03_VID04,PickUpDrill,20
CID20_SID03_VID05,PickUpDrill,20
CID20_SID03_VID06,PickUpDrill,20
CID20_SID03_VID07,PickUpDrill,20
CID20_SID04_VID01,PickUpDrill,20
CID20_SID04_VID02,PickUpDrill,20
CID20_SID04_VID03,PickUpDrill,20
CID20_SID04_VID04,PickUpDrill,20
CID20_SID04_VID05,PickUpDrill,20
CID20_SID04_VID06,PickUpDrill,20
CID20_SID04_VID07,PickUpDrill,20
CID20_SID05_VID01,PickUpDrill,20
CID20_SID05_VID02,PickUpDrill,20
CID20_SID05_VID03,PickUpDrill,20
CID20_SID05_VID04,PickUpDrill,20
CID20_SID05_VID05,PickUpDrill,20
CID20_SID05_VID06,PickUpDrill,20
CID20_SID05_VID07,PickUpDrill,20
CID20_SID06_VID01,PickUpDrill,20
CID20_SID06_VID02,PickUpDrill,20
CID20_SID06_VID03,PickUpDrill,20
CID20_SID06_VID04,PickUpDrill,20
CID20_SID06_VID05,PickUpDrill,20
CID20_SID06_VID06,PickUpDrill,20
CID20_SID06_VID07,PickUpDrill,20
CID20_SID07_VID01,PickUpDrill,20
CID20_SID07_VID02,PickUpDrill,20
CID20_SID07_VID03,PickUpDrill,20
CID20_SID07_VID04,PickUpDrill,20
CID20_SID07_VID05,PickUpDrill,20
CID20_SID07_VID06,PickUpDrill,20
CID20_SID07_VID07,PickUpDrill,20
CID20_SID08_VID01,PickUpDrill,20
CID20_SID08_VID02,PickUpDrill,20
CID20_SID08_VID03,PickUpDrill,20
CID20_SID08_VID04,PickUpDrill,20
CID20_SID08_VID05,PickUpDrill,20
CID20_SID08_VID06,PickUpDrill,20
CID20_SID08_VID07,PickUpDrill,20
CID20_SID09_VID01,PickUpDrill,20
CID20_SID09_VID02,PickUpDrill,20
CID20_SID09_VID03,PickUpDrill,20
CID20_SID09_VID04,PickUpDrill,20
CID20_SID09_VID05,PickUpDrill,20
CID20_SID09_VID06,PickUpDrill,20
CID20_SID09_VID07,PickUpDrill,20
CID20_SID10_VID01,PickUpDrill,20
CID20_SID10_VID02,PickUpDrill,20
CID20_SID10_VID03,PickUpDrill,20
CID20_SID10_VID04,PickUpDrill,20
CID20_SID10_VID05,PickUpDrill,20
CID20_SID10_VID06,PickUpDrill,20
CID20_SID10_VID07,PickUpDrill,20
CID21_SID01_VID01,PickUpPolisher,21
CID21_SID01_VID02,PickUpPolisher,21
CID21_SID01_VID03,PickUpPolisher,21
CID21_SID01_VID04,PickUpPolisher,21
CID21_SID01_VID05,PickUpPolisher,21
CID21_SID01_VID06,PickUpPolisher,21
CID21_SID01_VID07,PickUpPolisher,21
CID21_SID02_VID01,PickUpPolisher,21
CID21_SID02_VID02,PickUpPolisher,21
CID21_SID02_VID03,PickUpPolisher,21
CID21_SID02_VID04,PickUpPolisher,21
CID21_SID02_VID05,PickUpPolisher,21
CID21_SID02_VID06,PickUpPolisher,21
CID21_SID02_VID07,PickUpPolisher,21
CID21_SID03_VID01,PickUpPolisher,21
CID21_SID03_VID02,PickUpPolisher,21
CID21_SID03_VID03,PickUpPolisher,21
CID21_SID03_VID04,PickUpPolisher,21
CID21_SID03_VID05,PickUpPolisher,21
CID21_SID03_VID06,PickUpPolisher,21
CID21_SID03_VID07,PickUpPolisher,21
CID21_SID04_VID01,PickUpPolisher,21
CID21_SID04_VID02,PickUpPolisher,21
CID21_SID04_VID03,PickUpPolisher,21
CID21_SID04_VID04,PickUpPolisher,21
CID21_SID04_VID05,PickUpPolisher,21
CID21_SID04_VID06,PickUpPolisher,21
CID21_SID04_VID07,PickUpPolisher,21
CID21_SID05_VID01,PickUpPolisher,21
CID21_SID05_VID02,PickUpPolisher,21
CID21_SID05_VID03,PickUpPolisher,21
CID21_SID05_VID04,PickUpPolisher,21
CID21_SID05_VID05,PickUpPolisher,21
CID21_SID05_VID06,PickUpPolisher,21
CID21_SID05_VID07,PickUpPolisher,21
CID21_SID06_VID01,PickUpPolisher,21
CID21_SID06_VID02,PickUpPolisher,21
CID21_SID06_VID03,PickUpPolisher,21
CID21_SID06_VID04,PickUpPolisher,21
CID21_SID06_VID05,PickUpPolisher,21
CID21_SID06_VID06,PickUpPolisher,21
CID21_SID06_VID07,PickUpPolisher,21
CID21_SID07_VID01,PickUpPolisher,21
CID21_SID07_VID02,PickUpPolisher,21
CID21_SID07_VID03,PickUpPolisher,21
CID21_SID07_VID04,PickUpPolisher,21
CID21_SID07_VID05,PickUpPolisher,21
CID21_SID07_VID06,PickUpPolisher,21
CID21_SID07_VID07,PickUpPolisher,21
CID21_SID08_VID01,PickUpPolisher,21
CID21_SID08_VID02,PickUpPolisher,21
CID21_SID08_VID03,PickUpPolisher,21
CID21_SID08_VID04,PickUpPolisher,21
CID21_SID08_VID05,PickUpPolisher,21
CID21_SID08_VID06,PickUpPolisher,21
CID21_SID08_VID07,PickUpPolisher,21
CID21_SID09_VID01,PickUpPolisher,21
CID21_SID09_VID02,PickUpPolisher,21
CID21_SID09_VID03,PickUpPolisher,21
CID21_SID09_VID04,PickUpPolisher,21
CID21_SID09_VID05,PickUpPolisher,21
CID21_SID09_VID06,PickUpPolisher,21
CID21_SID09_VID07,PickUpPolisher,21
CID21_SID10_VID01,PickUpPolisher,21
CID21_SID10_VID02,PickUpPolisher,21
CID21_SID10_VID03,PickUpPolisher,21
CID21_SID10_VID04,PickUpPolisher,21
CID21_SID10_VID05,PickUpPolisher,21
CID21_SID10_VID06,PickUpPolisher,21
CID21_SID10_VID07,PickUpPolisher,21
CID22_SID01_VID01,PickUpTheObject,22
CID22_SID01_VID02,PickUpTheObject,22
CID22_SID01_VID03,PickUpTheObject,22
CID22_SID01_VID04,PickUpTheObject,22
CID22_SID01_VID05,PickUpTheObject,22
CID22_SID01_VID06,PickUpTheObject,22
CID22_SID01_VID07,PickUpTheObject,22
CID22_SID02_VID01,PickUpTheObject,22
CID22_SID02_VID02,PickUpTheObject,22
CID22_SID02_VID03,PickUpTheObject,22
CID22_SID02_VID04,PickUpTheObject,22
CID22_SID02_VID05,PickUpTheObject,22
CID22_SID02_VID06,PickUpTheObject,22
CID22_SID02_VID07,PickUpTheObject,22
CID22_SID03_VID01,PickUpTheObject,22
CID22_SID03_VID02,PickUpTheObject,22
CID22_SID03_VID03,PickUpTheObject,22
CID22_SID03_VID04,PickUpTheObject,22
CID22_SID03_VID05,PickUpTheObject,22
CID22_SID03_VID06,PickUpTheObject,22
CID22_SID03_VID07,PickUpTheObject,22
CID22_SID04_VID01,PickUpTheObject,22
CID22_SID04_VID02,PickUpTheObject,22
CID22_SID04_VID03,PickUpTheObject,22
CID22_SID04_VID04,PickUpTheObject,22
CID22_SID04_VID05,PickUpTheObject,22
CID22_SID04_VID06,PickUpTheObject,22
CID22_SID04_VID07,PickUpTheObject,22
CID22_SID05_VID01,PickUpTheObject,22
CID22_SID05_VID02,PickUpTheObject,22
CID22_SID05_VID03,PickUpTheObject,22
CID22_SID05_VID04,PickUpTheObject,22
CID22_SID05_VID05,PickUpTheObject,22
CID22_SID05_VID06,PickUpTheObject,22
CID22_SID05_VID07,PickUpTheObject,22
CID22_SID06_VID01,PickUpTheObject,22
CID22_SID06_VID02,PickUpTheObject,22
CID22_SID06_VID03,PickUpTheObject,22
CID22_SID06_VID04,PickUpTheObject,22
CID22_SID06_VID05,PickUpTheObject,22
CID22_SID06_VID06,PickUpTheObject,22
CID22_SID06_VID07,PickUpTheObject,22
CID22_SID07_VID01,PickUpTheObject,22
CID22_SID07_VID02,PickUpTheObject,22
CID22_SID07_VID03,PickUpTheObject,22
CID22_SID07_VID04,PickUpTheObject,22
CID22_SID07_VID05,PickUpTheObject,22
CID22_SID07_VID06,PickUpTheObject,22
CID22_SID07_VID07,PickUpTheObject,22
CID22_SID08_VID01,PickUpTheObject,22
CID22_SID08_VID02,PickUpTheObject,22
CID22_SID08_VID03,PickUpTheObject,22
CID22_SID08_VID04,PickUpTheObject,22
CID22_SID08_VID05,PickUpTheObject,22
CID22_SID08_VID06,PickUpTheObject,22
CID22_SID08_VID07,PickUpTheObject,22
CID22_SID09_VID01,PickUpTheObject,22
CID22_SID09_VID02,PickUpTheObject,22
CID22_SID09_VID03,PickUpTheObject,22
CID22_SID09_VID04,PickUpTheObject,22
CID22_SID09_VID05,PickUpTheObject,22
CID22_SID09_VID06,PickUpTheObject,22
CID22_SID09_VID07,PickUpTheObject,22
CID22_SID10_VID01,PickUpTheObject,22
CID22_SID10_VID02,PickUpTheObject,22
CID22_SID10_VID03,PickUpTheObject,22
CID22_SID10_VID04,PickUpTheObject,22
CID22_SID10_VID05,PickUpTheObject,22
CID22_SID10_VID06,PickUpTheObject,22
CID22_SID10_VID07,PickUpTheObject,22
CID23_SID01_VID01,PutDownDrill,23
CID23_SID01_VID02,PutDownDrill,23
CID23_SID01_VID03,PutDownDrill,23
CID23_SID01_VID04,PutDownDrill,23
CID23_SID01_VID05,PutDownDrill,23
CID23_SID01_VID06,PutDownDrill,23
CID23_SID01_VID07,PutDownDrill,23
CID23_SID02_VID01,PutDownDrill,23
CID23_SID02_VID02,PutDownDrill,23
CID23_SID02_VID03,PutDownDrill,23
CID23_SID02_VID04,PutDownDrill,23
CID23_SID02_VID05,PutDownDrill,23
CID23_SID02_VID06,PutDownDrill,23
CID23_SID02_VID07,PutDownDrill,23
CID23_SID03_VID01,PutDownDrill,23
CID23_SID03_VID02,PutDownDrill,23
CID23_SID03_VID03,PutDownDrill,23
CID23_SID03_VID04,PutDownDrill,23
CID23_SID03_VID05,PutDownDrill,23
CID23_SID03_VID06,PutDownDrill,23
CID23_SID03_VID07,PutDownDrill,23
CID23_SID04_VID01,PutDownDrill,23
CID23_SID04_VID02,PutDownDrill,23
CID23_SID04_VID03,PutDownDrill,23
CID23_SID04_VID04,PutDownDrill,23
CID23_SID04_VID05,PutDownDrill,23
CID23_SID04_VID06,PutDownDrill,23
CID23_SID04_VID07,PutDownDrill,23
CID23_SID05_VID01,PutDownDrill,23
CID23_SID05_VID02,PutDownDrill,23
CID23_SID05_VID03,PutDownDrill,23
CID23_SID05_VID04,PutDownDrill,23
CID23_SID05_VID05,PutDownDrill,23
CID23_SID05_VID06,PutDownDrill,23
CID23_SID05_VID07,PutDownDrill,23
CID23_SID06_VID01,PutDownDrill,23
CID23_SID06_VID02,PutDownDrill,23
CID23_SID06_VID03,PutDownDrill,23
CID23_SID06_VID04,PutDownDrill,23
CID23_SID06_VID05,PutDownDrill,23
CID23_SID06_VID06,PutDownDrill,23
CID23_SID06_VID07,PutDownDrill,23
CID23_SID07_VID01,PutDownDrill,23
CID23_SID07_VID02,PutDownDrill,23
CID23_SID07_VID03,PutDownDrill,23
CID23_SID07_VID04,PutDownDrill,23
CID23_SID07_VID05,PutDownDrill,23
CID23_SID07_VID06,PutDownDrill,23
CID23_SID07_VID07,PutDownDrill,23
CID23_SID08_VID01,PutDownDrill,23
CID23_SID08_VID02,PutDownDrill,23
CID23_SID08_VID03,PutDownDrill,23
CID23_SID08_VID04,PutDownDrill,23
CID23_SID08_VID05,PutDownDrill,23
CID23_SID08_VID06,PutDownDrill,23
CID23_SID08_VID07,PutDownDrill,23
CID23_SID09_VID01,PutDownDrill,23
CID23_SID09_VID02,PutDownDrill,23
CID23_SID09_VID03,PutDownDrill,23
CID23_SID09_VID04,PutDownDrill,23
CID23_SID09_VID05,PutDownDrill,23
CID23_SID09_VID06,PutDownDrill,23
CID23_SID09_VID07,PutDownDrill,23
CID23_SID10_VID01,PutDownDrill,23
CID23_SID10_VID02,PutDownDrill,23
CID23_SID10_VID03,PutDownDrill,23
CID23_SID10_VID04,PutDownDrill,23
CID23_SID10_VID05,PutDownDrill,23
CID23_SID10_VID06,PutDownDrill,23
CID23_SID10_VID07,PutDownDrill,23
CID24_SID01_VID01,PutDownPolisher,24
CID24_SID01_VID02,PutDownPolisher,24
CID24_SID01_VID03,PutDownPolisher,24
CID24_SID01_VID04,PutDownPolisher,24
CID24_SID01_VID05,PutDownPolisher,24
CID24_SID01_VID06,PutDownPolisher,24
CID24_SID01_VID07,PutDownPolisher,24
CID24_SID02_VID01,PutDownPolisher,24
CID24_SID02_VID02,PutDownPolisher,24
CID24_SID02_VID03,PutDownPolisher,24
CID24_SID02_VID04,PutDownPolisher,24
CID24_SID02_VID05,PutDownPolisher,24
CID24_SID02_VID06,PutDownPolisher,24
CID24_SID02_VID07,PutDownPolisher,24
CID24_SID03_VID01,PutDownPolisher,24
CID24_SID03_VID02,PutDownPolisher,24
CID24_SID03_VID03,PutDownPolisher,24
CID24_SID03_VID04,PutDownPolisher,24
CID24_SID03_VID05,PutDownPolisher,24
CID24_SID03_VID06,PutDownPolisher,24
CID24_SID03_VID07,PutDownPolisher,24
CID24_SID04_VID01,PutDownPolisher,24
CID24_SID04_VID02,PutDownPolisher,24
CID24_SID04_VID03,PutDownPolisher,24
CID24_SID04_VID04,PutDownPolisher,24
CID24_SID04_VID05,PutDownPolisher,24
CID24_SID04_VID06,PutDownPolisher,24
CID24_SID04_VID07,PutDownPolisher,24
CID24_SID05_VID01,PutDownPolisher,24
CID24_SID05_VID02,PutDownPolisher,24
CID24_SID05_VID03,PutDownPolisher,24
CID24_SID05_VID04,PutDownPolisher,24
CID24_SID05_VID05,PutDownPolisher,24
CID24_SID05_VID06,PutDownPolisher,24
CID24_SID05_VID07,PutDownPolisher,24
CID24_SID06_VID01,PutDownPolisher,24
CID24_SID06_VID02,PutDownPolisher,24
CID24_SID06_VID03,PutDownPolisher,24
CID24_SID06_VID04,PutDownPolisher,24
CID24_SID06_VID05,PutDownPolisher,24
CID24_SID06_VID06,PutDownPolisher,24
CID24_SID06_VID07,PutDownPolisher,24
CID24_SID07_VID01,PutDownPolisher,24
CID24_SID07_VID02,PutDownPolisher,24
CID24_SID07_VID03,PutDownPolisher,24
CID24_SID07_VID04,PutDownPolisher,24
CID24_SID07_VID05,PutDownPolisher,24
CID24_SID07_VID06,PutDownPolisher,24
CID24_SID07_VID07,PutDownPolisher,24
CID24_SID08_VID01,PutDownPolisher,24
CID24_SID08_VID02,PutDownPolisher,24
CID24_SID08_VID03,PutDownPolisher,24
CID24_SID08_VID04,PutDownPolisher,24
CID24_SID08_VID05,PutDownPolisher,24
CID24_SID08_VID06,PutDownPolisher,24
CID24_SID08_VID07,PutDownPolisher,24
CID24_SID09_VID01,PutDownPolisher,24
CID24_SID09_VID02,PutDownPolisher,24
CID24_SID09_VID03,PutDownPolisher,24
CID24_SID09_VID04,PutDownPolisher,24
CID24_SID09_VID05,PutDownPolisher,24
CID24_SID09_VID06,PutDownPolisher,24
CID24_SID09_VID07,PutDownPolisher,24
CID24_SID10_VID01,PutDownPolisher,24
CID24_SID10_VID02,PutDownPolisher,24
CID24_SID10_VID03,PutDownPolisher,24
CID24_SID10_VID04,PutDownPolisher,24
CID24_SID10_VID05,PutDownPolisher,24
CID24_SID10_VID06,PutDownPolisher,24
CID24_SID10_VID07,PutDownPolisher,24
CID25_SID01_VID01,UsingTheDrill,25
CID25_SID01_VID02,UsingTheDrill,25
CID25_SID01_VID03,UsingTheDrill,25
CID25_SID01_VID04,UsingTheDrill,25
CID25_SID01_VID05,UsingTheDrill,25
CID25_SID01_VID06,UsingTheDrill,25
CID25_SID01_VID07,UsingTheDrill,25
CID25_SID02_VID01,UsingTheDrill,25
CID25_SID02_VID02,UsingTheDrill,25
CID25_SID02_VID03,UsingTheDrill,25
CID25_SID02_VID04,UsingTheDrill,25
CID25_SID02_VID05,UsingTheDrill,25
CID25_SID02_VID06,UsingTheDrill,25
CID25_SID02_VID07,UsingTheDrill,25
CID25_SID03_VID01,UsingTheDrill,25
CID25_SID03_VID02,UsingTheDrill,25
CID25_SID03_VID03,UsingTheDrill,25
CID25_SID03_VID04,UsingTheDrill,25
CID25_SID03_VID05,UsingTheDrill,25
CID25_SID03_VID06,UsingTheDrill,25
CID25_SID03_VID07,UsingTheDrill,25
CID25_SID04_VID01,UsingTheDrill,25
CID25_SID04_VID02,UsingTheDrill,25
CID25_SID04_VID03,UsingTheDrill,25
CID25_SID04_VID04,UsingTheDrill,25
CID25_SID04_VID05,UsingTheDrill,25
CID25_SID04_VID06,UsingTheDrill,25
CID25_SID04_VID07,UsingTheDrill,25
CID25_SID05_VID01,UsingTheDrill,25
CID25_SID05_VID02,UsingTheDrill,25
CID25_SID05_VID03,UsingTheDrill,25
CID25_SID05_VID04,UsingTheDrill,25
CID25_SID05_VID05,UsingTheDrill,25
CID25_SID05_VID06,UsingTheDrill,25
CID25_SID05_VID07,UsingTheDrill,25
CID25_SID06_VID01,UsingTheDrill,25
CID25_SID06_VID02,UsingTheDrill,25
CID25_SID06_VID03,UsingTheDrill,25
CID25_SID06_VID04,UsingTheDrill,25
CID25_SID06_VID05,UsingTheDrill,25
CID25_SID06_VID06,UsingTheDrill,25
CID25_SID06_VID07,UsingTheDrill,25
CID25_SID07_VID01,UsingTheDrill,25
CID25_SID07_VID02,UsingTheDrill,25
CID25_SID07_VID03,UsingTheDrill,25
CID25_SID07_VID04,UsingTheDrill,25
CID25_SID07_VID05,UsingTheDrill,25
CID25_SID07_VID06,UsingTheDrill,25
CID25_SID07_VID07,UsingTheDrill,25
CID25_SID08_VID01,UsingTheDrill,25
CID25_SID08_VID02,UsingTheDrill,25
CID25_SID08_VID03,UsingTheDrill,25
CID25_SID08_VID04,UsingTheDrill,25
CID25_SID08_VID05,UsingTheDrill,25
CID25_SID08_VID06,UsingTheDrill,25
CID25_SID08_VID07,UsingTheDrill,25
CID25_SID09_VID01,UsingTheDrill,25
CID25_SID09_VID02,UsingTheDrill,25
CID25_SID09_VID03,UsingTheDrill,25
CID25_SID09_VID04,UsingTheDrill,25
CID25_SID09_VID05,UsingTheDrill,25
CID25_SID09_VID06,UsingTheDrill,25
CID25_SID09_VID07,UsingTheDrill,25
CID25_SID10_VID01,UsingTheDrill,25
CID25_SID10_VID02,UsingTheDrill,25
CID25_SID10_VID03,UsingTheDrill,25
CID25_SID10_VID04,UsingTheDrill,25
CID25_SID10_VID05,UsingTheDrill,25
CID25_SID10_VID06,UsingTheDrill,25
CID25_SID10_VID07,UsingTheDrill,25
CID26_SID01_VID01,UsingThePolisher,26
CID26_SID01_VID02,UsingThePolisher,26
CID26_SID01_VID03,UsingThePolisher,26
CID26_SID01_VID04,UsingThePolisher,26
CID26_SID01_VID05,UsingThePolisher,26
CID26_SID01_VID06,UsingThePolisher,26
CID26_SID01_VID07,UsingThePolisher,26
CID26_SID02_VID01,UsingThePolisher,26
CID26_SID02_VID02,UsingThePolisher,26
CID26_SID02_VID03,UsingThePolisher,26
CID26_SID02_VID04,UsingThePolisher,26
CID26_SID02_VID05,UsingThePolisher,26
CID26_SID02_VID06,UsingThePolisher,26
CID26_SID02_VID07,UsingThePolisher,26
CID26_SID03_VID01,UsingThePolisher,26
CID26_SID03_VID02,UsingThePolisher,26
CID26_SID03_VID03,UsingThePolisher,26
CID26_SID03_VID04,UsingThePolisher,26
CID26_SID03_VID05,UsingThePolisher,26
CID26_SID03_VID06,UsingThePolisher,26
CID26_SID03_VID07,UsingThePolisher,26
CID26_SID04_VID01,UsingThePolisher,26
CID26_SID04_VID02,UsingThePolisher,26
CID26_SID04_VID03,UsingThePolisher,26
CID26_SID04_VID04,UsingThePolisher,26
CID26_SID04_VID05,UsingThePolisher,26
CID26_SID04_VID06,UsingThePolisher,26
CID26_SID04_VID07,UsingThePolisher,26
CID26_SID05_VID01,UsingThePolisher,26
CID26_SID05_VID02,UsingThePolisher,26
CID26_SID05_VID03,UsingThePolisher,26
CID26_SID05_VID04,UsingThePolisher,26
CID26_SID05_VID05,UsingThePolisher,26
CID26_SID05_VID06,UsingThePolisher,26
CID26_SID05_VID07,UsingThePolisher,26
CID26_SID06_VID01,UsingThePolisher,26
CID26_SID06_VID02,UsingThePolisher,26
CID26_SID06_VID03,UsingThePolisher,26
CID26_SID06_VID04,UsingThePolisher,26
CID26_SID06_VID05,UsingThePolisher,26
CID26_SID06_VID06,UsingThePolisher,26
CID26_SID06_VID07,UsingThePolisher,26
CID26_SID07_VID01,UsingThePolisher,26
CID26_SID07_VID02,UsingThePolisher,26
CID26_SID07_VID03,UsingThePolisher,26
CID26_SID07_VID04,UsingThePolisher,26
CID26_SID07_VID05,UsingThePolisher,26
CID26_SID07_VID06,UsingThePolisher,26
CID26_SID07_VID07,UsingThePolisher,26
CID26_SID08_VID01,UsingThePolisher,26
CID26_SID08_VID02,UsingThePolisher,26
CID26_SID08_VID03,UsingThePolisher,26
CID26_SID08_VID04,UsingThePolisher,26
CID26_SID08_VID05,UsingThePolisher,26
CID26_SID08_VID06,UsingThePolisher,26
CID26_SID08_VID07,UsingThePolisher,26
CID26_SID09_VID01,UsingThePolisher,26
CID26_SID09_VID02,UsingThePolisher,26
CID26_SID09_VID03,UsingThePolisher,26
CID26_SID09_VID04,UsingThePolisher,26
CID26_SID09_VID05,UsingThePolisher,26
CID26_SID09_VID06,UsingThePolisher,26
CID26_SID09_VID07,UsingThePolisher,26
CID26_SID10_VID01,UsingThePolisher,26
CID26_SID10_VID02,UsingThePolisher,26
CID26_SID10_VID03,UsingThePolisher,26
CID26_SID10_VID04,UsingThePolisher,26
CID26_SID10_VID05,UsingThePolisher,26
CID26_SID10_VID06,UsingThePolisher,26
CID26_SID10_VID07,UsingThePolisher,26
CID27_SID01_VID01,Walking,27
CID27_SID01_VID02,Walking,27
CID27_SID01_VID03,Walking,27
CID27_SID01_VID04,Walking,27
CID27_SID01_VID05,Walking,27
CID27_SID01_VID06,Walking,27
CID27_SID01_VID07,Walking,27
CID27_SID02_VID01,Walking,27
CID27_SID02_VID02,Walking,27
CID27_SID02_VID03,Walking,27
CID27_SID02_VID04,Walking,27
CID27_SID02_VID05,Walking,27
CID27_SID02_VID06,Walking,27
CID27_SID02_VID07,Walking,27
CID27_SID03_VID01,Walking,27
CID27_SID03_VID02,Walking,27
CID27_SID03_VID03,Walking,27
CID27_SID03_VID04,Walking,27
CID27_SID03_VID05,Walking,27
CID27_SID03_VID06,Walking,27
CID27_SID03_VID07,Walking,27
CID27_SID04_VID01,Walking,27
CID27_SID04_VID02,Walking,27
CID27_SID04_VID03,Walking,27
CID27_SID04_VID04,Walking,27
CID27_SID04_VID05,Walking,27
CID27_SID04_VID06,Walking,27
CID27_SID04_VID07,Walking,27
CID27_SID05_VID01,Walking,27
CID27_SID05_VID02,Walking,27
CID27_SID05_VID03,Walking,27
CID27_SID05_VID04,Walking,27
CID27_SID05_VID05,Walking,27
CID27_SID05_VID06,Walking,27
CID27_SID05_VID07,Walking,27
CID27_SID06_VID01,Walking,27
CID27_SID06_VID02,Walking,27
CID27_SID06_VID03,Walking,27
CID27_SID06_VID04,Walking,27
CID27_SID06_VID05,Walking,27
CID27_SID06_VID06,Walking,27
CID27_SID06_VID07,Walking,27
CID27_SID07_VID01,Walking,27
CID27_SID07_VID02,Walking,27
CID27_SID07_VID03,Walking,27
CID27_SID07_VID04,Walking,27
CID27_SID07_VID05,Walking,27
CID27_SID07_VID06,Walking,27
CID27_SID07_VID07,Walking,27
CID27_SID08_VID01,Walking,27
CID27_SID08_VID02,Walking,27
CID27_SID08_VID03,Walking,27
CID27_SID08_VID04,Walking,27
CID27_SID08_VID05,Walking,27
CID27_SID08_VID06,Walking,27
CID27_SID08_VID07,Walking,27
CID27_SID09_VID01,Walking,27
CID27_SID09_VID02,Walking,27
CID27_SID09_VID03,Walking,27
CID27_SID09_VID04,Walking,27
CID27_SID09_VID05,Walking,27
CID27_SID09_VID06,Walking,27
CID27_SID09_VID07,Walking,27
CID27_SID10_VID01,Walking,27
CID27_SID10_VID02,Walking,27
CID27_SID10_VID03,Walking,27
CID27_SID10_VID04,Walking,27
CID27_SID10_VID05,Walking,27
CID27_SID10_VID06,Walking,27
CID27_SID10_VID07,Walking,27
CID28_SID01_VID01,WalkingWithObject,28
CID28_SID01_VID02,WalkingWithObject,28
CID28_SID01_VID03,WalkingWithObject,28
CID28_SID01_VID04,WalkingWithObject,28
CID28_SID01_VID05,WalkingWithObject,28
CID28_SID01_VID06,WalkingWithObject,28
CID28_SID01_VID07,WalkingWithObject,28
CID28_SID02_VID01,WalkingWithObject,28
CID28_SID02_VID02,WalkingWithObject,28
CID28_SID02_VID03,WalkingWithObject,28
CID28_SID02_VID04,WalkingWithObject,28
CID28_SID02_VID05,WalkingWithObject,28
CID28_SID02_VID06,WalkingWithObject,28
CID28_SID02_VID07,WalkingWithObject,28
CID28_SID03_VID01,WalkingWithObject,28
CID28_SID03_VID02,WalkingWithObject,28
CID28_SID03_VID03,WalkingWithObject,28
CID28_SID03_VID04,WalkingWithObject,28
CID28_SID03_VID05,WalkingWithObject,28
CID28_SID03_VID06,WalkingWithObject,28
CID28_SID03_VID07,WalkingWithObject,28
CID28_SID04_VID01,WalkingWithObject,28
CID28_SID04_VID02,WalkingWithObject,28
CID28_SID04_VID03,WalkingWithObject,28
CID28_SID04_VID04,WalkingWithObject,28
CID28_SID04_VID05,WalkingWithObject,28
CID28_SID04_VID06,WalkingWithObject,28
CID28_SID04_VID07,WalkingWithObject,28
CID28_SID05_VID01,WalkingWithObject,28
CID28_SID05_VID02,WalkingWithObject,28
CID28_SID05_VID03,WalkingWithObject,28
CID28_SID05_VID04,WalkingWithObject,28
CID28_SID05_VID05,WalkingWithObject,28
CID28_SID05_VID06,WalkingWithObject,28
CID28_SID05_VID07,WalkingWithObject,28
CID28_SID06_VID01,WalkingWithObject,28
CID28_SID06_VID02,WalkingWithObject,28
CID28_SID06_VID03,WalkingWithObject,28
CID28_SID06_VID04,WalkingWithObject,28
CID28_SID06_VID05,WalkingWithObject,28
CID28_SID06_VID06,WalkingWithObject,28
CID28_SID06_VID07,WalkingWithObject,28
CID28_SID07_VID01,WalkingWithObject,28
CID28_SID07_VID02,WalkingWithObject,28
CID28_SID07_VID03,WalkingWithObject,28
CID28_SID07_VID04,WalkingWithObject,28
CID28_SID07_VID05,WalkingWithObject,28
CID28_SID07_VID06,WalkingWithObject,28
CID28_SID07_VID07,WalkingWithObject,28
CID28_SID08_VID01,WalkingWithObject,28
CID28_SID08_VID02,WalkingWithObject,28
CID28_SID08_VID03,WalkingWithObject,28
CID28_SID08_VID04,WalkingWithObject,28
CID28_SID08_VID05,WalkingWithObject,28
CID28_SID08_VID06,WalkingWithObject,28
CID28_SID08_VID07,WalkingWithObject,28
CID28_SID09_VID01,WalkingWithObject,28
CID28_SID09_VID02,WalkingWithObject,28
CID28_SID09_VID03,WalkingWithObject,28
CID28_SID09_VID04,WalkingWithObject,28
CID28_SID09_VID05,WalkingWithObject,28
CID28_SID09_VID06,WalkingWithObject,28
CID28_SID09_VID07,WalkingWithObject,28
CID28_SID10_VID01,WalkingWithObject,28
CID28_SID10_VID02,WalkingWithObject,28
CID28_SID10_VID03,WalkingWithObject,28
CID28_SID10_VID04,WalkingWithObject,28
CID28_SID10_VID05,WalkingWithObject,28
CID28_SID10_VID06,WalkingWithObject,28
CID28_SID10_VID07,WalkingWithObject,28
CID29_SID01_VID01,WalkingWithDrill,29
CID29_SID01_VID02,WalkingWithDrill,29
CID29_SID01_VID03,WalkingWithDrill,29
CID29_SID01_VID04,WalkingWithDrill,29
CID29_SID01_VID05,WalkingWithDrill,29
CID29_SID01_VID06,WalkingWithDrill,29
CID29_SID01_VID07,WalkingWithDrill,29
CID29_SID02_VID01,WalkingWithDrill,29
CID29_SID02_VID02,WalkingWithDrill,29
CID29_SID02_VID03,WalkingWithDrill,29
CID29_SID02_VID04,WalkingWithDrill,29
CID29_SID02_VID05,WalkingWithDrill,29
CID29_SID02_VID06,WalkingWithDrill,29
CID29_SID02_VID07,WalkingWithDrill,29
CID29_SID03_VID01,WalkingWithDrill,29
CID29_SID03_VID02,WalkingWithDrill,29
CID29_SID03_VID03,WalkingWithDrill,29
CID29_SID03_VID04,WalkingWithDrill,29
CID29_SID03_VID05,WalkingWithDrill,29
CID29_SID03_VID06,WalkingWithDrill,29
CID29_SID03_VID07,WalkingWithDrill,29
CID29_SID04_VID01,WalkingWithDrill,29
CID29_SID04_VID02,WalkingWithDrill,29
CID29_SID04_VID03,WalkingWithDrill,29
CID29_SID04_VID04,WalkingWithDrill,29
CID29_SID04_VID05,WalkingWithDrill,29
CID29_SID04_VID06,WalkingWithDrill,29
CID29_SID04_VID07,WalkingWithDrill,29
CID29_SID05_VID01,WalkingWithDrill,29
CID29_SID05_VID02,WalkingWithDrill,29
CID29_SID05_VID03,WalkingWithDrill,29
CID29_SID05_VID04,WalkingWithDrill,29
CID29_SID05_VID05,WalkingWithDrill,29
CID29_SID05_VID06,WalkingWithDrill,29
CID29_SID05_VID07,WalkingWithDrill,29
CID29_SID06_VID01,WalkingWithDrill,29
CID29_SID06_VID02,WalkingWithDrill,29
CID29_SID06_VID03,WalkingWithDrill,29
CID29_SID06_VID04,WalkingWithDrill,29
CID29_SID06_VID05,WalkingWithDrill,29
CID29_SID06_VID06,WalkingWithDrill,29
CID29_SID06_VID07,WalkingWithDrill,29
CID29_SID07_VID01,WalkingWithDrill,29
CID29_SID07_VID02,WalkingWithDrill,29
CID29_SID07_VID03,WalkingWithDrill,29
CID29_SID07_VID04,WalkingWithDrill,29
CID29_SID07_VID05,WalkingWithDrill,29
CID29_SID07_VID06,WalkingWithDrill,29
CID29_SID07_VID07,WalkingWithDrill,29
CID29_SID08_VID01,WalkingWithDrill,29
CID29_SID08_VID02,WalkingWithDrill,29
CID29_SID08_VID03,WalkingWithDrill,29
CID29_SID08_VID04,WalkingWithDrill,29
CID29_SID08_VID05,WalkingWithDrill,29
CID29_SID08_VID06,WalkingWithDrill,29
CID29_SID08_VID07,WalkingWithDrill,29
CID29_SID09_VID01,WalkingWithDrill,29
CID29_SID09_VID02,WalkingWithDrill,29
CID29_SID09_VID03,WalkingWithDrill,29
CID29_SID09_VID04,WalkingWithDrill,29
CID29_SID09_VID05,WalkingWithDrill,29
CID29_SID09_VID06,WalkingWithDrill,29
CID29_SID09_VID07,WalkingWithDrill,29
CID29_SID10_VID01,WalkingWithDrill,29
CID29_SID10_VID02,WalkingWithDrill,29
CID29_SID10_VID03,WalkingWithDrill,29
CID29_SID10_VID04,WalkingWithDrill,29
CID29_SID10_VID05,WalkingWithDrill,29
CID29_SID10_VID06,WalkingWithDrill,29
CID29_SID10_VID07,WalkingWithDrill,29
CID30_SID01_VID01,WalkingWithPolisher,30
CID30_SID01_VID02,WalkingWithPolisher,30
CID30_SID01_VID03,WalkingWithPolisher,30
CID30_SID01_VID04,WalkingWithPolisher,30
CID30_SID01_VID05,WalkingWithPolisher,30
CID30_SID01_VID06,WalkingWithPolisher,30
CID30_SID01_VID07,WalkingWithPolisher,30
CID30_SID02_VID01,WalkingWithPolisher,30
CID30_SID02_VID02,WalkingWithPolisher,30
CID30_SID02_VID03,WalkingWithPolisher,30
CID30_SID02_VID04,WalkingWithPolisher,30
CID30_SID02_VID05,WalkingWithPolisher,30
CID30_SID02_VID06,WalkingWithPolisher,30
CID30_SID02_VID07,WalkingWithPolisher,30
CID30_SID03_VID01,WalkingWithPolisher,30
CID30_SID03_VID02,WalkingWithPolisher,30
CID30_SID03_VID03,WalkingWithPolisher,30
CID30_SID03_VID04,WalkingWithPolisher,30
CID30_SID03_VID05,WalkingWithPolisher,30
CID30_SID03_VID06,WalkingWithPolisher,30
CID30_SID03_VID07,WalkingWithPolisher,30
CID30_SID04_VID01,WalkingWithPolisher,30
CID30_SID04_VID02,WalkingWithPolisher,30
CID30_SID04_VID03,WalkingWithPolisher,30
CID30_SID04_VID04,WalkingWithPolisher,30
CID30_SID04_VID05,WalkingWithPolisher,30
CID30_SID04_VID06,WalkingWithPolisher,30
CID30_SID04_VID07,WalkingWithPolisher,30
CID30_SID05_VID01,WalkingWithPolisher,30
CID30_SID05_VID02,WalkingWithPolisher,30
CID30_SID05_VID03,WalkingWithPolisher,30
CID30_SID05_VID04,WalkingWithPolisher,30
CID30_SID05_VID05,WalkingWithPolisher,30
CID30_SID05_VID06,WalkingWithPolisher,30
CID30_SID05_VID07,WalkingWithPolisher,30
CID30_SID06_VID01,WalkingWithPolisher,30
CID30_SID06_VID02,WalkingWithPolisher,30
CID30_SID06_VID03,WalkingWithPolisher,30
CID30_SID06_VID04,WalkingWithPolisher,30
CID30_SID06_VID05,WalkingWithPolisher,30
CID30_SID06_VID06,WalkingWithPolisher,30
CID30_SID06_VID07,WalkingWithPolisher,30
CID30_SID07_VID01,WalkingWithPolisher,30
CID30_SID07_VID02,WalkingWithPolisher,30
CID30_SID07_VID03,WalkingWithPolisher,30
CID30_SID07_VID04,WalkingWithPolisher,30
CID30_SID07_VID05,WalkingWithPolisher,30
CID30_SID07_VID06,WalkingWithPolisher,30
CID30_SID07_VID07,WalkingWithPolisher,30
CID30_SID08_VID01,WalkingWithPolisher,30
CID30_SID08_VID02,WalkingWithPolisher,30
CID30_SID08_VID03,WalkingWithPolisher,30
CID30_SID08_VID04,WalkingWithPolisher,30
CID30_SID08_VID05,WalkingWithPolisher,30
CID30_SID08_VID06,WalkingWithPolisher,30
CID30_SID08_VID07,WalkingWithPolisher,30
CID30_SID09_VID01,WalkingWithPolisher,30
CID30_SID09_VID02,WalkingWithPolisher,30
CID30_SID09_VID03,WalkingWithPolisher,30
CID30_SID09_VID04,WalkingWithPolisher,30
CID30_SID09_VID05,WalkingWithPolisher,30
CID30_SID09_VID06,WalkingWithPolisher,30
CID30_SID09_VID07,WalkingWithPolisher,30
CID30_SID10_VID01,WalkingWithPolisher,30
CID30_SID10_VID02,WalkingWithPolisher,30
CID30_SID10_VID03,WalkingWithPolisher,30
CID30_SID10_VID04,WalkingWithPolisher,30
CID30_SID10_VID05,WalkingWithPolisher,30
CID30_SID10_VID06,WalkingWithPolisher,30
CID30_SID10_VID07,WalkingWithPolisher,30
